,Id,Target
0,4985,4
1,14424,7
2,5208,4
3,6612,7
4,3471,4
5,10873,6
6,4003,4
7,3605,4
8,12374,4
9,13789,3
10,11956,7
11,3555,6
12,13259,6
13,5163,2
14,2060,5
15,6470,1
16,2361,6
17,5687,7
18,1851,1
19,12815,3
20,4538,4
21,8981,1
22,14602,1
23,32,2
24,6114,1
25,34,5
26,11608,2
27,2492,5
28,9481,7
29,11923,7
30,13900,5
31,14518,7
32,1886,7
33,10232,1
34,841,1
35,3280,2
36,4852,6
37,11436,1
38,10550,1
39,6223,2
40,11578,2
41,14130,5
42,5369,4
43,6537,2
44,12185,5
45,4370,6
46,14912,3
47,2948,3
48,9403,7
49,9421,7
50,4342,4
51,14127,7
52,4860,1
53,2012,3
54,7772,7
55,6649,5
56,2163,4
57,14059,1
58,10753,3
59,3017,1
60,7233,7
61,3741,4
62,7121,5
63,4091,4
64,5315,6
65,466,2
66,7676,7
67,4795,6
68,7412,1
69,9273,7
70,3703,4
71,11803,5
72,14198,1
73,8725,2
74,8386,1
75,10531,7
76,9455,1
77,5884,4
78,7054,5
79,6206,4
80,8556,5
81,9221,7
82,1070,2
83,10963,3
84,13263,3
85,12653,5
86,5511,3
87,10719,5
88,14369,7
89,12530,3
90,13543,1
91,10729,3
92,6387,2
93,198,2
94,1211,1
95,380,2
96,3524,6
97,1125,2
98,881,2
99,9743,7
100,4402,4
101,12161,5
102,6802,6
103,6269,3
104,7970,5
105,7528,5
106,2478,4
107,1229,5
108,8698,1
109,665,1
110,10782,3
111,1943,5
112,648,6
113,1331,1
114,6386,5
115,3671,4
116,2472,1
117,14499,7
118,9366,7
119,13168,6
120,747,1
121,3501,4
122,8431,6
123,10699,1
124,1638,5
125,5741,6
126,9783,7
127,1612,5
128,10089,1
129,6656,7
130,12240,1
131,11183,6
132,7487,7
133,9601,7
134,4028,4
135,9938,7
136,1964,5
137,14527,5
138,12473,3
139,7896,6
140,13484,5
141,10339,7
142,13747,3
143,2483,3
144,1008,2
145,9776,7
146,2072,1
147,12495,4
148,12533,3
149,13333,3
150,9775,7
151,4588,4
152,5264,4
153,12503,4
154,6157,6
155,4213,5
156,7593,5
157,6773,7
158,10725,5
159,6419,1
160,6778,6
161,2893,3
162,5233,3
163,3013,1
164,13874,7
165,12144,5
166,6701,1
167,12877,3
168,3023,6
169,13036,3
170,5262,4
171,3686,2
172,11487,2
173,4692,4
174,4996,7
175,13413,3
176,8647,1
177,2844,3
178,6362,2
179,5042,7
180,13239,4
181,12122,5
182,13102,3
183,4548,4
184,5808,1
185,15102,6
186,14238,3
187,252,7
188,10142,7
189,7783,5
190,13364,6
191,12943,6
192,10282,7
193,625,2
194,11200,3
195,7351,6
196,4185,4
197,14138,5
198,7813,1
199,13872,7
200,3398,5
201,8994,2
202,12284,5
203,14902,6
204,14616,7
205,605,1
206,11481,2
207,3342,4
208,12978,3
209,52,1
210,6062,4
211,1137,1
212,14536,2
213,2316,5
214,8695,5
215,2166,7
216,2732,5
217,2506,4
218,11637,5
219,11327,3
220,11180,3
221,4722,3
222,3586,4
223,9685,1
224,6177,6
225,14702,5
226,5457,3
227,7016,5
228,9916,1
229,11610,1
230,8118,1
231,5271,3
232,13978,1
233,3751,2
234,11840,2
235,6863,6
236,2903,2
237,10188,2
238,1168,1
239,6482,2
240,10420,1
241,14289,1
242,14392,7
243,12399,6
244,2086,5
245,10791,3
246,8493,5
247,7156,1
248,9318,7
249,8155,1
250,12243,3
251,5060,4
252,1736,7
253,1903,6
254,5473,4
255,7189,3
256,14894,3
257,10899,6
258,1269,5
259,14837,1
260,7844,6
261,13156,3
262,4645,4
263,10690,6
264,4772,6
265,4544,4
266,13544,5
267,13713,5
268,14012,7
269,3442,4
270,3725,3
271,5143,4
272,225,1
273,5197,6
274,1489,5
275,13268,7
276,688,1
277,1301,5
278,13223,2
279,2247,1
280,3898,4
281,5199,7
282,2088,1
283,3573,4
284,10775,3
285,1831,2
286,5915,3
287,289,2
288,4252,6
289,14822,7
290,12112,5
291,13845,7
292,808,1
293,11528,1
294,1271,5
295,8066,1
296,3066,6
297,2701,6
298,4765,5
299,390,5
300,14129,5
301,5848,3
302,11361,1
303,545,2
304,6388,1
305,10929,6
306,685,2
307,7644,7
308,7933,5
309,4017,3
310,11240,3
311,11051,3
312,9950,2
313,4738,4
314,1872,3
315,13731,7
316,7378,5
317,11658,1
318,6850,7
319,10082,5
320,2183,4
321,3620,4
322,14728,7
323,4677,4
324,7006,5
325,3215,3
326,2240,5
327,744,2
328,3432,4
329,7036,6
330,11457,2
331,6617,2
332,10165,1
333,13566,1
334,6121,6
335,15050,5
336,6945,3
337,5290,7
338,13179,4
339,2132,6
340,12628,4
341,5630,6
342,13458,6
343,6357,4
344,12690,4
345,838,2
346,15037,3
347,415,2
348,6178,6
349,8311,2
350,13699,6
351,11978,3
352,3111,7
353,448,2
354,8008,7
355,6140,6
356,9006,2
357,9235,7
358,4663,6
359,6493,5
360,10551,7
361,8270,3
362,9517,2
363,7879,7
364,856,2
365,13941,5
366,9427,7
367,296,2
368,12918,4
369,4334,4
370,12253,7
371,7789,6
372,14381,7
373,14883,6
374,7569,7
375,7828,7
376,5289,7
377,11423,1
378,2485,6
379,8044,7
380,10572,1
381,8637,1
382,14752,2
383,6366,2
384,12422,4
385,7953,7
386,10857,3
387,12585,3
388,15120,3
389,13720,3
390,4967,4
391,14938,2
392,2591,5
393,13750,5
394,14332,1
395,10472,7
396,5350,4
397,11811,5
398,4405,4
399,6597,3
400,13315,4
401,14628,7
402,13617,5
403,3279,6
404,12249,2
405,5516,4
406,13132,3
407,13765,3
408,325,2
409,13932,5
410,5766,3
411,5235,6
412,13597,2
413,4565,4
414,6385,1
415,14091,2
416,11184,6
417,10625,7
418,11326,3
419,5615,4
420,2868,3
421,6066,6
422,1317,2
423,177,2
424,11204,3
425,10382,1
426,7241,3
427,13999,6
428,11437,2
429,4519,5
430,10661,6
431,13984,1
432,176,1
433,7704,1
434,9482,7
435,6805,3
436,14309,7
437,10061,1
438,12640,6
439,8907,1
440,10304,7
441,6801,6
442,1079,1
443,5263,4
444,8653,5
445,11153,3
446,3550,3
447,3548,6
448,11975,1
449,1522,1
450,11501,1
451,7059,7
452,1043,1
453,220,2
454,645,6
455,14018,5
456,14096,5
457,12024,6
458,11607,2
459,10442,7
460,7214,7
461,10124,1
462,9103,1
463,4569,5
464,10756,2
465,8606,1
466,13254,5
467,15036,6
468,7524,5
469,3560,4
470,3576,4
471,5204,4
472,14504,7
473,1819,3
474,1195,1
475,9851,7
476,2013,4
477,14770,7
478,5249,5
479,10803,2
480,2043,7
481,13799,3
482,7734,6
483,14206,3
484,9371,7
485,2590,5
486,5642,4
487,19,5
488,4121,4
489,14394,7
490,14169,1
491,6990,5
492,11199,3
493,13199,6
494,1958,3
495,10223,7
496,1236,5
497,8039,1
498,7256,7
499,1606,1
500,1351,2
501,6430,3
502,9376,7
503,10601,1
504,47,2
505,2469,6
506,15055,5
507,3088,3
508,15084,3
509,1012,5
510,1400,5
511,8318,1
512,3440,3
513,4197,6
514,835,2
515,582,2
516,9800,7
517,245,1
518,9268,5
519,7544,5
520,4632,3
521,3269,4
522,7107,3
523,13075,4
524,15058,6
525,6521,2
526,1149,1
527,8354,5
528,5581,3
529,7110,5
530,730,5
531,14174,3
532,6573,7
533,1709,5
534,2929,6
535,2009,6
536,3146,2
537,6220,4
538,9082,1
539,4172,4
540,388,5
541,1153,1
542,14417,7
543,2606,3
544,14396,7
545,11232,3
546,6677,2
547,14587,1
548,547,2
549,8989,1
550,10655,3
551,7464,5
552,8293,7
553,5266,4
554,2419,5
555,10267,1
556,6667,1
557,4476,4
558,10713,5
559,11489,2
560,6807,1
561,10879,3
562,12627,4
563,10334,2
564,3222,5
565,1554,1
566,5637,4
567,12412,4
568,10081,5
569,1984,5
570,10657,2
571,3823,3
572,2077,2
573,6071,4
574,8437,1
575,2593,2
576,1621,5
577,10730,3
578,6235,2
579,12855,4
580,3542,5
581,1535,5
582,8622,1
583,12124,2
584,8636,1
585,9929,1
586,13379,6
587,2443,5
588,9147,7
589,12106,6
590,8147,2
591,2370,5
592,10121,1
593,10608,1
594,11107,6
595,13548,5
596,14940,3
597,3626,6
598,1946,6
599,9559,7
600,12468,3
601,5676,4
602,6150,6
603,10123,1
604,8134,5
605,4136,6
606,9373,1
607,10422,7
608,3101,3
609,3505,4
610,13529,1
611,11471,3
612,716,2
613,6747,2
614,1745,5
615,6950,7
616,8719,2
617,13974,7
618,5621,6
619,11370,2
620,12887,4
621,8734,6
622,2677,3
623,12415,4
624,11657,2
625,13085,4
626,15078,6
627,923,2
628,9557,1
629,12016,7
630,12443,4
631,8365,5
632,1032,5
633,5373,4
634,144,1
635,6556,2
636,6044,6
637,2619,3
638,1880,2
639,9450,2
640,10686,3
641,11297,6
642,8277,1
643,14571,7
644,1476,2
645,12352,3
646,7013,7
647,9272,7
648,14083,6
649,7635,5
650,190,2
651,9457,1
652,5190,4
653,1587,1
654,10474,7
655,2427,3
656,8113,7
657,10900,3
658,3281,5
659,14367,1
660,5157,4
661,11663,2
662,9080,2
663,930,5
664,2134,7
665,8182,7
666,5727,4
667,647,2
668,12207,5
669,13545,3
670,4987,6
671,1552,1
672,3177,6
673,6576,1
674,10116,1
675,4806,4
676,1670,2
677,10476,1
678,13056,4
679,11185,3
680,13231,6
681,297,2
682,13272,6
683,5659,1
684,3043,2
685,5788,6
686,7251,7
687,9957,6
688,5962,4
689,12722,6
690,2346,5
691,12474,6
692,12210,3
693,8434,5
694,1007,2
695,6981,7
696,107,1
697,11201,3
698,10009,5
699,7651,7
700,10140,7
701,6499,2
702,13809,5
703,13663,5
704,5218,4
705,8153,5
706,12761,6
707,13583,2
708,661,3
709,15051,3
710,14921,5
711,4659,3
712,8710,1
713,3205,4
714,1335,1
715,10096,7
716,7259,5
717,809,5
718,11093,6
719,6373,1
720,8933,5
721,748,2
722,14741,1
723,7237,3
724,4798,6
725,4986,3
726,10186,1
727,6703,2
728,4657,6
729,5783,2
730,1464,5
731,10370,2
732,13760,7
733,13797,6
734,9669,7
735,1378,5
736,4319,1
737,8205,1
738,11646,1
739,13435,5
740,3543,5
741,11019,6
742,13269,3
743,3652,4
744,13022,4
745,1824,2
746,14874,1
747,8693,6
748,3974,6
749,11280,3
750,6541,3
751,4426,1
752,968,1
753,13438,6
754,4662,6
755,6660,5
756,11810,5
757,14290,2
758,8809,6
759,8011,7
760,5059,4
761,575,2
762,7308,7
763,10962,3
764,12678,7
765,6368,3
766,6473,2
767,13455,2
768,13971,7
769,11771,5
770,9926,2
771,2326,5
772,624,5
773,12689,4
774,5867,4
775,12367,4
776,5077,4
777,4381,4
778,12130,5
779,6734,1
780,13172,5
781,13201,7
782,13640,5
783,2452,3
784,4393,3
785,2530,6
786,9711,7
787,4122,3
788,6874,6
789,2288,6
790,8345,7
791,12573,4
792,4503,3
793,8866,2
794,3813,3
795,10162,1
796,3557,4
797,5570,4
798,14225,3
799,1177,5
800,5345,3
801,9416,1
802,13711,7
803,4839,3
804,4286,4
805,4178,3
806,7195,7
807,4859,1
808,6725,5
809,3143,6
810,6648,5
811,11782,1
812,12285,1
813,5631,7
814,1516,5
815,13820,7
816,10172,7
817,12320,6
818,6621,3
819,14576,7
820,15090,3
821,14871,6
822,367,1
823,7499,6
824,5297,4
825,2957,3
826,7775,7
827,6729,5
828,459,2
829,5168,5
830,9636,7
831,11438,2
832,14552,7
833,5318,3
834,1066,2
835,7980,7
836,868,2
837,1731,5
838,12781,3
839,12114,6
840,4020,4
841,311,2
842,1050,1
843,13161,3
844,4705,4
845,9741,2
846,9284,2
847,4314,4
848,10949,3
849,5674,6
850,12671,4
851,12294,5
852,5578,6
853,9959,1
854,12922,4
855,10429,1
856,4217,4
857,7805,6
858,705,5
859,206,2
860,6972,1
861,10034,1
862,427,5
863,432,2
864,9583,7
865,2978,3
866,12221,4
867,14622,7
868,2242,2
869,1442,1
870,997,1
871,1850,4
872,2482,6
873,12082,5
874,10179,7
875,10996,3
876,10530,7
877,8379,5
878,5872,6
879,7151,7
880,11421,1
881,6982,7
882,9326,7
883,14840,7
884,5378,4
885,11616,5
886,3793,4
887,3673,4
888,12852,3
889,1152,1
890,2560,3
891,8614,6
892,2250,4
893,13267,7
894,13384,1
895,11905,1
896,12892,4
897,6232,3
898,5919,6
899,1121,1
900,4302,3
901,5225,3
902,5937,6
903,3788,6
904,1543,1
905,442,1
906,2375,2
907,9542,7
908,785,2
909,4154,4
910,443,2
911,7239,6
912,9364,7
913,10771,2
914,4614,6
915,11739,2
916,11139,3
917,5896,4
918,12980,4
919,3888,5
920,9276,7
921,8911,5
922,13203,1
923,3444,4
924,14435,7
925,12472,4
926,8387,2
927,4707,6
928,15097,6
929,4842,4
930,10866,5
931,12829,4
932,7852,7
933,7660,6
934,230,2
935,11601,2
936,10211,1
937,6722,1
938,3014,1
939,14764,1
940,14909,3
941,8440,5
942,7385,7
943,1733,5
944,13460,3
945,6574,3
946,7211,1
947,8862,5
948,2585,5
949,9176,7
950,11576,2
951,9097,1
952,2577,6
953,3298,4
954,4924,1
955,1860,7
956,8070,5
957,163,2
958,13310,7
959,1685,2
960,4131,3
961,2484,6
962,10716,5
963,8525,1
964,14041,7
965,14557,7
966,3393,7
967,11513,2
968,13729,3
969,2033,7
970,4537,4
971,541,2
972,8395,7
973,13698,6
974,1033,1
975,13171,2
976,12448,3
977,11226,3
978,7432,7
979,980,2
980,7218,2
981,12859,4
982,2165,4
983,1533,7
984,2765,3
985,8124,6
986,9875,1
987,3797,6
988,2918,7
989,7264,3
990,8461,2
991,6443,5
992,3889,5
993,818,2
994,4175,3
995,6272,4
996,4173,4
997,7007,5
998,7700,1
999,3602,4
1000,12862,6
1001,7858,1
1002,272,2
1003,13224,3
1004,8595,6
1005,3029,3
1006,2693,4
1007,1100,2
1008,8271,3
1009,7055,6
1010,4820,6
1011,10708,2
1012,7162,3
1013,1955,5
1014,8785,7
1015,11710,2
1016,13609,1
1017,12754,6
1018,6852,2
1019,11257,6
1020,10835,3
1021,8426,3
1022,46,2
1023,13,1
1024,9923,7
1025,9407,7
1026,15117,3
1027,13051,4
1028,11631,5
1029,5313,6
1030,15034,3
1031,2977,4
1032,14441,1
1033,1452,5
1034,1499,1
1035,616,5
1036,12313,1
1037,2284,2
1038,7039,7
1039,12835,5
1040,2317,1
1041,150,2
1042,15029,4
1043,5502,3
1044,9153,1
1045,263,2
1046,8455,5
1047,6535,7
1048,5758,1
1049,11227,2
1050,554,2
1051,4055,6
1052,13072,6
1053,3250,4
1054,5304,4
1055,6384,1
1056,11604,2
1057,14142,1
1058,8460,5
1059,14677,1
1060,9659,7
1061,1631,5
1062,5586,6
1063,9154,7
1064,11700,1
1065,5690,2
1066,8783,1
1067,8332,3
1068,2293,3
1069,9796,7
1070,10554,1
1071,7553,6
1072,11406,2
1073,3653,3
1074,2094,3
1075,2792,3
1076,8786,3
1077,9829,2
1078,11909,5
1079,4883,4
1080,12839,4
1081,12669,4
1082,50,5
1083,11587,1
1084,4463,4
1085,10091,7
1086,9813,7
1087,433,2
1088,11445,2
1089,11145,5
1090,7901,1
1091,5425,6
1092,11238,6
1093,100,2
1094,9859,7
1095,10647,3
1096,2730,6
1097,14635,7
1098,1699,7
1099,750,5
1100,10480,7
1101,3050,4
1102,12698,4
1103,3720,6
1104,368,1
1105,4686,4
1106,5162,6
1107,13496,3
1108,10241,1
1109,3477,4
1110,10484,7
1111,2415,5
1112,12569,4
1113,2023,3
1114,7299,2
1115,3828,4
1116,9279,7
1117,12517,3
1118,12181,3
1119,5480,4
1120,12659,3
1121,6182,1
1122,11871,1
1123,3675,4
1124,11678,7
1125,1873,3
1126,13905,6
1127,6840,7
1128,5966,3
1129,4006,4
1130,3674,4
1131,10934,5
1132,8757,1
1133,14404,7
1134,11621,2
1135,12339,6
1136,11348,1
1137,4293,4
1138,4105,4
1139,5855,4
1140,4610,3
1141,4166,4
1142,277,1
1143,287,1
1144,1381,5
1145,1802,5
1146,3033,6
1147,5492,4
1148,8137,6
1149,4824,3
1150,2694,4
1151,9034,1
1152,3160,4
1153,14106,5
1154,3400,5
1155,12810,4
1156,8930,7
1157,4307,4
1158,2776,5
1159,5851,4
1160,10110,7
1161,5780,7
1162,7863,6
1163,14468,1
1164,14040,7
1165,9093,1
1166,12677,6
1167,14057,5
1168,3299,4
1169,7031,5
1170,12947,3
1171,6699,5
1172,7698,6
1173,11827,1
1174,9121,7
1175,2344,6
1176,4288,3
1177,14416,1
1178,7938,1
1179,11512,1
1180,13197,4
1181,11888,7
1182,7108,6
1183,2031,7
1184,13253,1
1185,5038,6
1186,4896,4
1187,14948,3
1188,6454,5
1189,6554,3
1190,1968,3
1191,11549,1
1192,13003,3
1193,13946,7
1194,7787,6
1195,602,5
1196,13129,4
1197,9810,2
1198,13187,4
1199,13019,4
1200,6064,6
1201,5170,3
1202,2795,1
1203,13047,3
1204,7375,1
1205,8152,6
1206,10229,1
1207,8947,7
1208,12028,6
1209,10366,1
1210,9582,7
1211,6012,3
1212,5729,6
1213,3328,4
1214,13547,1
1215,7496,5
1216,6749,3
1217,14971,3
1218,9441,7
1219,8943,1
1220,3162,4
1221,13180,3
1222,9144,2
1223,1487,5
1224,11207,3
1225,13572,2
1226,3500,6
1227,1484,5
1228,489,1
1229,10220,1
1230,3373,4
1231,7662,6
1232,12599,6
1233,13144,4
1234,11052,6
1235,2814,3
1236,2044,7
1237,5736,1
1238,4289,4
1239,5866,4
1240,9765,7
1241,11962,6
1242,6710,2
1243,2421,5
1244,11934,5
1245,1858,3
1246,7326,7
1247,5106,4
1248,14413,7
1249,12673,6
1250,8687,7
1251,4602,4
1252,9466,1
1253,15085,6
1254,9349,1
1255,8119,5
1256,1910,3
1257,10424,1
1258,14946,3
1259,5823,6
1260,11999,2
1261,4363,4
1262,9684,2
1263,182,1
1264,2543,5
1265,12532,4
1266,12376,4
1267,9117,1
1268,2345,6
1269,869,5
1270,6800,3
1271,9540,7
1272,12928,4
1273,10898,6
1274,14777,7
1275,2394,5
1276,6631,5
1277,10566,7
1278,13714,5
1279,8688,1
1280,5975,2
1281,14910,2
1282,7615,6
1283,4466,6
1284,14168,3
1285,9594,7
1286,7325,7
1287,12175,5
1288,5336,4
1289,13096,4
1290,5791,3
1291,13327,6
1292,2988,3
1293,3195,6
1294,10456,1
1295,11649,5
1296,2956,2
1297,836,1
1298,8174,3
1299,10586,5
1300,1268,2
1301,2911,4
1302,8096,7
1303,10650,3
1304,7866,1
1305,8454,5
1306,5402,4
1307,6242,6
1308,12945,1
1309,12348,3
1310,2620,4
1311,1573,2
1312,2596,6
1313,5155,6
1314,12382,6
1315,4805,3
1316,11433,1
1317,6344,6
1318,2784,3
1319,14354,1
1320,14580,2
1321,12315,4
1322,1580,5
1323,4536,6
1324,9945,2
1325,12543,4
1326,10413,1
1327,7074,1
1328,14876,6
1329,3188,5
1330,5695,4
1331,12368,4
1332,2831,6
1333,11025,6
1334,9479,1
1335,9835,1
1336,6158,6
1337,14236,1
1338,222,2
1339,508,1
1340,936,1
1341,2834,7
1342,9391,7
1343,13302,6
1344,1006,1
1345,10475,1
1346,7438,3
1347,13137,1
1348,8806,7
1349,7977,7
1350,725,2
1351,511,2
1352,4759,7
1353,4762,2
1354,11533,1
1355,9622,1
1356,9426,7
1357,4993,3
1358,6309,3
1359,14655,1
1360,4211,5
1361,8423,5
1362,4424,5
1363,14323,1
1364,10321,1
1365,3742,6
1366,8531,7
1367,6643,4
1368,7596,6
1369,6270,3
1370,12463,3
1371,5476,3
1372,10516,7
1373,3232,3
1374,987,2
1375,9602,7
1376,12941,3
1377,9696,2
1378,5367,3
1379,3899,4
1380,11979,4
1381,7619,3
1382,7626,7
1383,8586,1
1384,14370,7
1385,14097,2
1386,3904,4
1387,6396,1
1388,8888,2
1389,13725,7
1390,10013,1
1391,8004,1
1392,2586,5
1393,13376,4
1394,7867,7
1395,8842,2
1396,11846,5
1397,12488,4
1398,2074,5
1399,5183,4
1400,7361,7
1401,13286,3
1402,14627,7
1403,12894,4
1404,8123,6
1405,2147,7
1406,6352,1
1407,6450,5
1408,7530,5
1409,11210,3
1410,10840,6
1411,5604,6
1412,14217,3
1413,14612,7
1414,9368,7
1415,14791,7
1416,3125,4
1417,12180,4
1418,2141,6
1419,13815,5
1420,5739,3
1421,3336,4
1422,12821,4
1423,6292,4
1424,710,5
1425,4137,3
1426,12406,4
1427,1329,2
1428,6861,1
1429,10271,5
1430,773,2
1431,9504,1
1432,5216,4
1433,13283,4
1434,870,5
1435,524,2
1436,8878,2
1437,8718,7
1438,1723,5
1439,7999,6
1440,8519,5
1441,4791,4
1442,14595,2
1443,4208,1
1444,5645,4
1445,3553,4
1446,13902,7
1447,13355,1
1448,7912,6
1449,249,2
1450,852,5
1451,7459,2
1452,6904,6
1453,5406,4
1454,8483,1
1455,13567,2
1456,12718,6
1457,2788,4
1458,8177,6
1459,1466,1
1460,12561,6
1461,4571,5
1462,10161,2
1463,240,2
1464,11984,7
1465,11817,1
1466,4781,4
1467,7061,1
1468,5522,6
1469,14863,6
1470,7617,6
1471,10218,1
1472,9862,7
1473,10086,1
1474,4509,4
1475,1729,2
1476,8464,1
1477,6353,1
1478,1690,2
1479,11253,6
1480,5305,4
1481,8657,6
1482,8868,1
1483,7548,6
1484,1948,3
1485,3051,6
1486,9058,1
1487,15042,3
1488,5980,4
1489,3092,4
1490,9689,1
1491,7859,1
1492,11026,6
1493,11045,6
1494,3031,6
1495,745,5
1496,2702,3
1497,3710,6
1498,8789,6
1499,6065,3
1500,11255,3
1501,9061,7
1502,7993,7
1503,7888,7
1504,1594,1
1505,7740,6
1506,13828,6
1507,12166,2
1508,13525,7
1509,12883,4
1510,5533,3
1511,6171,3
1512,8799,2
1513,5768,4
1514,12467,3
1515,6779,2
1516,3591,5
1517,674,2
1518,9095,1
1519,3137,4
1520,1461,1
1521,1000,1
1522,634,2
1523,3535,5
1524,6085,4
1525,12138,5
1526,1353,5
1527,3897,4
1528,5833,6
1529,11498,2
1530,13418,2
1531,7642,3
1532,2894,4
1533,2282,2
1534,9185,7
1535,10933,4
1536,4004,4
1537,145,2
1538,14558,7
1539,11247,6
1540,614,2
1541,2751,6
1542,421,2
1543,13407,4
1544,11671,2
1545,3527,6
1546,2274,3
1547,7631,7
1548,10239,1
1549,1311,1
1550,5599,6
1551,6818,1
1552,1091,2
1553,14488,7
1554,8618,2
1555,11277,6
1556,3312,7
1557,828,1
1558,4100,4
1559,1505,7
1560,944,1
1561,372,2
1562,14545,7
1563,14746,1
1564,13442,4
1565,650,2
1566,10779,5
1567,1838,3
1568,14740,2
1569,4981,6
1570,14751,7
1571,6881,2
1572,3408,6
1573,11628,1
1574,11403,1
1575,160,5
1576,1912,3
1577,12222,3
1578,6057,2
1579,8400,7
1580,12258,6
1581,1954,1
1582,7907,7
1583,8203,5
1584,15011,6
1585,1627,1
1586,7806,3
1587,1470,5
1588,11600,2
1589,1961,1
1590,6172,6
1591,11456,1
1592,12586,4
1593,4862,5
1594,608,5
1595,3875,6
1596,201,1
1597,5531,2
1598,1767,5
1599,9881,2
1600,1743,5
1601,4456,3
1602,4948,4
1603,4257,4
1604,2263,5
1605,17,5
1606,11603,2
1607,3003,4
1608,7133,5
1609,8337,2
1610,791,2
1611,10777,3
1612,14586,2
1613,10800,3
1614,9880,2
1615,4458,4
1616,4431,4
1617,11691,1
1618,4321,2
1619,4264,2
1620,15066,5
1621,2952,2
1622,2623,4
1623,11451,2
1624,11718,1
1625,2504,4
1626,525,2
1627,11269,2
1628,1439,2
1629,2860,3
1630,5821,6
1631,12583,3
1632,7215,7
1633,3848,4
1634,10455,7
1635,8959,1
1636,14178,5
1637,8247,3
1638,1830,2
1639,505,2
1640,7932,3
1641,8282,7
1642,3075,4
1643,2502,6
1644,13487,5
1645,38,5
1646,2143,6
1647,8226,1
1648,10723,5
1649,1242,2
1650,1716,5
1651,14719,2
1652,14209,6
1653,2058,7
1654,10726,6
1655,14992,6
1656,8356,5
1657,3135,4
1658,10,5
1659,7407,5
1660,342,1
1661,693,5
1662,6996,6
1663,12189,1
1664,13271,3
1665,5254,3
1666,2488,3
1667,14247,1
1668,6500,5
1669,5020,4
1670,14733,7
1671,3149,5
1672,13422,4
1673,8518,2
1674,14907,6
1675,11673,1
1676,570,1
1677,14312,7
1678,10534,7
1679,7328,7
1680,11443,5
1681,7203,2
1682,14015,7
1683,1692,1
1684,14615,7
1685,1655,7
1686,2245,1
1687,7810,2
1688,9641,1
1689,15021,3
1690,10053,2
1691,8160,7
1692,1642,1
1693,13430,6
1694,14196,6
1695,3206,4
1696,14562,7
1697,14626,7
1698,10832,6
1699,14485,7
1700,302,2
1701,14117,3
1702,14850,7
1703,3384,4
1704,2507,1
1705,7313,5
1706,14044,6
1707,12723,4
1708,157,2
1709,8369,1
1710,10206,1
1711,2224,5
1712,12019,6
1713,14959,4
1714,4413,3
1715,5601,4
1716,8334,6
1717,9042,7
1718,3363,4
1719,8503,2
1720,8122,6
1721,11735,1
1722,666,2
1723,3085,4
1724,6624,3
1725,8320,1
1726,5499,3
1727,977,1
1728,3124,6
1729,12460,4
1730,6520,3
1731,14761,7
1732,2716,2
1733,9413,7
1734,2531,3
1735,15027,3
1736,15075,3
1737,2771,1
1738,5914,3
1739,3684,5
1740,13228,4
1741,13401,1
1742,14841,7
1743,1771,7
1744,2642,3
1745,13924,7
1746,10590,3
1747,11757,5
1748,3795,6
1749,4515,5
1750,3039,3
1751,6257,6
1752,13290,6
1753,4323,5
1754,14350,7
1755,12993,4
1756,10652,3
1757,11640,2
1758,10201,1
1759,5998,7
1760,10621,7
1761,5274,4
1762,12848,5
1763,927,2
1764,8072,1
1765,9896,2
1766,12220,3
1767,3340,4
1768,2985,4
1769,13563,2
1770,10029,1
1771,3365,3
1772,12759,4
1773,10664,6
1774,10460,7
1775,1754,5
1776,5681,4
1777,269,2
1778,5922,4
1779,4072,3
1780,4209,5
1781,14221,5
1782,10743,3
1783,6252,6
1784,8405,2
1785,2448,4
1786,11426,2
1787,13664,3
1788,8532,5
1789,837,1
1790,11196,6
1791,2745,3
1792,11470,2
1793,12238,5
1794,4262,5
1795,7595,6
1796,1988,5
1797,13299,3
1798,4611,4
1799,13726,5
1800,14521,2
1801,2850,3
1802,5138,4
1803,12477,4
1804,12363,6
1805,6692,3
1806,233,2
1807,1923,6
1808,14374,7
1809,2644,6
1810,13772,5
1811,10378,7
1812,14436,7
1813,7345,2
1814,11725,7
1815,5464,5
1816,5732,3
1817,11623,1
1818,4219,4
1819,9552,7
1820,10281,2
1821,10352,1
1822,3847,4
1823,12196,1
1824,9454,7
1825,2729,6
1826,2260,6
1827,4176,3
1828,9551,7
1829,10403,1
1830,7575,5
1831,7733,2
1832,994,2
1833,9125,1
1834,8324,5
1835,2908,3
1836,2433,5
1837,5670,3
1838,2629,3
1839,361,2
1840,3871,4
1841,6017,6
1842,3341,4
1843,13837,5
1844,5750,6
1845,6794,5
1846,8540,7
1847,14086,7
1848,4876,4
1849,9367,7
1850,7053,5
1851,2053,4
1852,12170,6
1853,7306,2
1854,13046,3
1855,13520,2
1856,4637,4
1857,1651,5
1858,4414,4
1859,4204,4
1860,9094,7
1861,5050,6
1862,3249,4
1863,5831,6
1864,14162,5
1865,486,2
1866,7768,3
1867,373,7
1868,11617,2
1869,13546,7
1870,13305,7
1871,12291,1
1872,9772,7
1873,14328,2
1874,2923,2
1875,10337,7
1876,14020,2
1877,6075,6
1878,3580,4
1879,11711,2
1880,10032,5
1881,5769,6
1882,6893,5
1883,6334,3
1884,7040,1
1885,1636,1
1886,4012,4
1887,7765,5
1888,723,1
1889,769,1
1890,14750,1
1891,3866,6
1892,4903,3
1893,3820,3
1894,14980,3
1895,14007,5
1896,12998,4
1897,6453,5
1898,9306,7
1899,5125,6
1900,6320,3
1901,12156,1
1902,15035,6
1903,8736,6
1904,329,7
1905,13393,6
1906,14836,2
1907,2154,6
1908,1387,1
1909,1303,1
1910,7481,6
1911,14110,5
1912,2917,2
1913,12489,4
1914,9362,2
1915,3874,3
1916,14192,1
1917,10037,7
1918,14583,2
1919,4639,3
1920,13112,6
1921,1106,1
1922,8659,5
1923,4269,5
1924,10824,6
1925,13188,4
1926,4069,4
1927,8946,7
1928,9642,7
1929,13956,1
1930,4693,4
1931,2356,6
1932,7538,5
1933,12044,5
1934,8535,2
1935,7683,6
1936,5188,3
1937,2874,4
1938,324,1
1939,793,2
1940,14497,7
1941,9645,1
1942,7555,6
1943,14707,1
1944,2549,6
1945,9974,1
1946,293,1
1947,14021,7
1948,11179,3
1949,13962,1
1950,9216,7
1951,3533,4
1952,6129,3
1953,11625,2
1954,9795,2
1955,6933,6
1956,6256,3
1957,7556,7
1958,515,1
1959,3659,6
1960,10464,2
1961,9863,7
1962,6688,1
1963,9617,1
1964,8871,7
1965,13387,6
1966,13423,1
1967,13515,5
1968,10065,7
1969,657,2
1970,4247,4
1971,9635,7
1972,14338,7
1973,9004,2
1974,13385,3
1975,2663,5
1976,7739,6
1977,10113,1
1978,10312,2
1979,9211,1
1980,9304,7
1981,4576,4
1982,7954,1
1983,10025,1
1984,1939,6
1985,10002,7
1986,3794,4
1987,6572,7
1988,7118,7
1989,11570,6
1990,2971,5
1991,7082,5
1992,14270,7
1993,6236,1
1994,11572,5
1995,2913,4
1996,3266,6
1997,11504,1
1998,9491,1
1999,9788,7
2000,4283,3
2001,1455,5
2002,12610,4
2003,10385,7
2004,7274,1
2005,14801,1
2006,142,2
2007,7461,7
2008,1146,1
2009,11096,3
2010,10750,3
2011,2204,1
2012,1868,1
2013,6533,4
2014,11368,2
2015,7374,1
2016,4744,4
2017,13728,5
2018,3908,4
2019,4971,4
2020,6630,1
2021,13836,7
2022,11639,5
2023,10931,6
2024,8964,1
2025,12911,6
2026,10133,2
2027,473,1
2028,12818,1
2029,11558,1
2030,187,1
2031,14478,7
2032,10168,1
2033,14532,7
2034,10039,2
2035,261,7
2036,5164,2
2037,250,1
2038,4450,3
2039,11414,1
2040,1511,7
2041,12305,3
2042,11073,3
2043,7918,6
2044,13795,5
2045,10720,5
2046,5455,6
2047,1983,6
2048,9980,2
2049,12846,2
2050,10135,1
2051,4406,4
2052,7982,7
2053,8361,3
2054,3811,6
2055,1395,1
2056,13996,7
2057,5083,7
2058,8663,2
2059,14549,7
2060,4026,5
2061,1014,2
2062,14861,6
2063,7426,3
2064,4945,4
2065,6515,5
2066,11165,3
2067,14889,3
2068,12752,3
2069,4800,4
2070,14931,2
2071,3918,4
2072,5858,3
2073,9735,5
2074,9328,7
2075,7950,7
2076,7837,7
2077,11363,1
2078,11893,5
2079,14781,7
2080,2150,5
2081,12392,4
2082,6048,3
2083,6185,6
2084,12115,6
2085,1695,7
2086,3606,3
2087,7886,7
2088,11602,1
2089,1372,1
2090,7023,7
2091,13033,4
2092,11809,5
2093,11800,5
2094,1732,5
2095,3685,2
2096,8065,1
2097,3910,6
2098,11929,7
2099,5887,3
2100,13517,1
2101,15093,3
2102,933,5
2103,9238,1
2104,10026,1
2105,8132,5
2106,7086,7
2107,14760,2
2108,14529,7
2109,14189,2
2110,6436,1
2111,2411,5
2112,5397,4
2113,7416,7
2114,11837,2
2115,15030,3
2116,11235,2
2117,3068,6
2118,3209,4
2119,8672,5
2120,11384,2
2121,13069,3
2122,8889,1
2123,14994,5
2124,7870,7
2125,2461,5
2126,2764,3
2127,5270,3
2128,10344,7
2129,12055,6
2130,6783,7
2131,12054,5
2132,5602,4
2133,14203,7
2134,213,1
2135,13354,3
2136,8144,7
2137,15020,6
2138,2906,4
2139,11203,6
2140,6887,7
2141,2588,5
2142,5426,6
2143,3385,4
2144,4889,4
2145,8938,2
2146,8536,3
2147,11953,6
2148,12090,2
2149,408,2
2150,14307,7
2151,12113,6
2152,5053,6
2153,9443,7
2154,12990,4
2155,8621,5
2156,8648,1
2157,441,1
2158,1234,5
2159,6983,7
2160,1760,2
2161,7678,5
2162,8421,5
2163,4520,5
2164,6705,5
2165,456,2
2166,7926,7
2167,10190,7
2168,9241,7
2169,3615,4
2170,122,1
2171,5212,4
2172,11644,5
2173,11128,3
2174,9175,7
2175,5988,6
2176,13613,5
2177,2295,6
2178,15013,6
2179,8609,6
2180,4008,4
2181,7400,5
2182,15028,4
2183,4583,6
2184,9054,7
2185,4771,3
2186,4539,3
2187,14280,5
2188,8403,5
2189,9470,1
2190,13623,7
2191,13716,1
2192,14133,5
2193,8728,7
2194,11351,5
2195,13092,4
2196,1530,5
2197,169,1
2198,6399,3
2199,356,2
2200,2071,7
2201,4549,4
2202,9339,1
2203,7160,3
2204,5340,4
2205,3812,3
2206,924,2
2207,7550,6
2208,4573,5
2209,12084,4
2210,14250,5
2211,1693,1
2212,12597,6
2213,1909,6
2214,1277,1
2215,11309,3
2216,2238,1
2217,10656,5
2218,7566,6
2219,6862,1
2220,14990,3
2221,10611,7
2222,2313,6
2223,6826,5
2224,2756,5
2225,2122,1
2226,4441,4
2227,13478,5
2228,7871,7
2229,3805,4
2230,14783,7
2231,8185,3
2232,11553,2
2233,12850,3
2234,5466,5
2235,7984,5
2236,587,1
2237,8287,1
2238,5787,4
2239,14976,4
2240,1588,2
2241,7547,5
2242,6745,5
2243,2966,3
2244,4684,4
2245,9354,7
2246,2372,1
2247,11195,3
2248,4421,4
2249,10746,5
2250,8428,3
2251,4626,1
2252,10623,1
2253,13495,5
2254,3992,4
2255,12018,5
2256,9955,1
2257,3809,6
2258,6607,1
2259,6360,3
2260,9764,7
2261,7060,1
2262,11150,6
2263,9836,2
2264,12907,4
2265,1256,2
2266,1744,5
2267,5805,7
2268,734,1
2269,8509,5
2270,2252,6
2271,12017,5
2272,13574,5
2273,10138,2
2274,4968,4
2275,3603,4
2276,6307,6
2277,3688,5
2278,494,1
2279,9005,1
2280,9531,1
2281,9845,2
2282,550,2
2283,11390,1
2284,4864,5
2285,12553,1
2286,8292,7
2287,7892,7
2288,10324,5
2289,12727,4
2290,14053,3
2291,14881,5
2292,9560,7
2293,10908,6
2294,10936,6
2295,10758,6
2296,13234,7
2297,9747,7
2298,8986,1
2299,14326,1
2300,5680,4
2301,4787,4
2302,14008,7
2303,11802,1
2304,15072,6
2305,9543,7
2306,4526,4
2307,8315,3
2308,5127,4
2309,13452,1
2310,3288,4
2311,697,2
2312,6891,5
2313,14228,2
2314,259,2
2315,14806,7
2316,5078,6
2317,1184,2
2318,5437,4
2319,345,2
2320,2318,3
2321,5762,6
2322,7389,5
2323,13261,7
2324,13119,3
2325,2635,4
2326,5222,4
2327,7314,5
2328,5625,4
2329,8198,7
2330,14659,7
2331,14929,3
2332,3355,4
2333,7821,7
2334,14439,1
2335,12953,4
2336,14027,5
2337,8976,1
2338,9811,2
2339,323,1
2340,9563,1
2341,11709,2
2342,2223,6
2343,4237,4
2344,12973,4
2345,7373,7
2346,7608,5
2347,6266,6
2348,595,2
2349,5184,4
2350,9120,2
2351,6994,2
2352,9383,7
2353,7654,7
2354,5357,6
2355,2592,5
2356,6205,3
2357,14378,1
2358,1150,1
2359,417,2
2360,5931,6
2361,4925,4
2362,10047,7
2363,8067,3
2364,10143,7
2365,2029,7
2366,4294,4
2367,772,2
2368,876,5
2369,8191,2
2370,10973,3
2371,12614,4
2372,1775,5
2373,8306,7
2374,653,1
2375,13536,5
2376,11379,2
2377,5899,6
2378,6407,5
2379,14844,7
2380,9263,7
2381,6345,6
2382,14479,7
2383,2683,5
2384,8393,7
2385,4102,4
2386,4272,5
2387,701,5
2388,5237,3
2389,10684,3
2390,11192,6
2391,4392,3
2392,3189,5
2393,6658,7
2394,5420,4
2395,12516,4
2396,13475,5
2397,360,1
2398,546,2
2399,11793,5
2400,11931,5
2401,11821,5
2402,8883,7
2403,13421,2
2404,490,1
2405,8524,6
2406,813,5
2407,8249,3
2408,12565,4
2409,13937,6
2410,6590,1
2411,4239,4
2412,9871,7
2413,8766,1
2414,15112,6
2415,1418,1
2416,11218,6
2417,13600,5
2418,2873,6
2419,7468,3
2420,13945,7
2421,10146,1
2422,10028,7
2423,14055,7
2424,13784,6
2425,3943,4
2426,3433,4
2427,8596,7
2428,6831,2
2429,4508,6
2430,6480,1
2431,1098,1
2432,7207,6
2433,14690,2
2434,12246,4
2435,8225,1
2436,1561,1
2437,14608,7
2438,2179,6
2439,12737,4
2440,760,1
2441,7285,7
2442,8702,5
2443,5897,3
2444,3094,4
2445,6928,7
2446,7717,6
2447,10137,1
2448,15077,3
2449,3089,6
2450,13785,7
2451,967,2
2452,8684,7
2453,3971,4
2454,1488,5
2455,9695,1
2456,12920,4
2457,12615,6
2458,4990,3
2459,14304,7
2460,13005,4
2461,9163,7
2462,5740,4
2463,1216,1
2464,6548,7
2465,4171,6
2466,672,1
2467,4786,4
2468,5196,6
2469,5933,3
2470,13717,1
2471,899,5
2472,12290,7
2473,14693,1
2474,3229,6
2475,5364,6
2476,6313,4
2477,4716,5
2478,11137,3
2479,11957,5
2480,10629,3
2481,9447,7
2482,10471,7
2483,2003,7
2484,4199,4
2485,11941,5
2486,4523,5
2487,10943,5
2488,10932,6
2489,10785,3
2490,3952,6
2491,7033,5
2492,8049,3
2493,11044,3
2494,14193,7
2495,11317,3
2496,14266,6
2497,13480,5
2498,1074,2
2499,5700,3
2500,11334,3
2501,9073,7
2502,12826,4
2503,4682,4
2504,13880,3
2505,4955,7
2506,5846,3
2507,12643,4
2508,3304,4
2509,458,5
2510,9260,7
2511,12009,5
2512,8448,5
2513,4115,2
2514,6727,1
2515,9165,7
2516,10073,1
2517,8419,1
2518,8217,1
2519,3880,4
2520,7645,7
2521,12169,5
2522,13570,5
2523,11161,6
2524,2962,4
2525,544,2
2526,13064,4
2527,6187,3
2528,9814,7
2529,13079,6
2530,14601,7
2531,7516,6
2532,9317,7
2533,8823,2
2534,3113,5
2535,8480,6
2536,8941,7
2537,15080,3
2538,1609,5
2539,9568,1
2540,8346,7
2541,5005,6
2542,1529,5
2543,4046,4
2544,5559,1
2545,10156,7
2546,8156,5
2547,1884,1
2548,14712,2
2549,7713,5
2550,9246,1
2551,2521,3
2552,10134,7
2553,9478,7
2554,2108,2
2555,12466,4
2556,3322,4
2557,3912,4
2558,6109,6
2559,1519,1
2560,4346,4
2561,7681,6
2562,7728,7
2563,7686,6
2564,5332,3
2565,12527,1
2566,3389,4
2567,10624,2
2568,6089,6
2569,11900,1
2570,1140,7
2571,2030,7
2572,14932,5
2573,5970,6
2574,12964,4
2575,384,2
2576,12162,5
2577,11018,6
2578,11719,1
2579,149,2
2580,9987,7
2581,11976,3
2582,9283,2
2583,8236,5
2584,3284,6
2585,11246,3
2586,13821,5
2587,824,5
2588,8836,1
2589,14320,1
2590,13857,7
2591,12796,4
2592,5629,6
2593,9000,1
2594,9878,7
2595,5967,2
2596,1194,5
2597,5923,6
2598,814,6
2599,6053,6
2600,6260,6
2601,5206,6
2602,13755,3
2603,9831,2
2604,13207,6
2605,3467,3
2606,11651,2
2607,2678,6
2608,1818,5
2609,2665,2
2610,6598,4
2611,9500,1
2612,1998,4
2613,7779,7
2614,9643,7
2615,9169,1
2616,7930,6
2617,14161,5
2618,591,2
2619,12436,4
2620,5753,6
2621,9751,7
2622,9507,7
2623,5465,5
2624,6010,6
2625,5247,6
2626,8167,6
2627,385,3
2628,7723,5
2629,1164,5
2630,10617,7
2631,4733,4
2632,10594,7
2633,14648,7
2634,6369,3
2635,6159,6
2636,11124,3
2637,4182,4
2638,6460,1
2639,7196,1
2640,2565,5
2641,194,1
2642,7955,7
2643,5547,6
2644,8060,7
2645,1112,1
2646,2968,3
2647,7078,5
2648,14230,5
2649,9621,1
2650,6809,5
2651,9203,6
2652,12709,4
2653,526,2
2654,1035,1
2655,9377,7
2656,6090,6
2657,7587,5
2658,5094,4
2659,5312,4
2660,1412,5
2661,8701,2
2662,12347,6
2663,2686,2
2664,10014,7
2665,14662,2
2666,13865,6
2667,9474,7
2668,3544,5
2669,8490,5
2670,6160,6
2671,11476,1
2672,11198,3
2673,1333,1
2674,2967,6
2675,12555,2
2676,11557,2
2677,13592,5
2678,4564,6
2679,4221,3
2680,3781,4
2681,1276,2
2682,12797,4
2683,6200,4
2684,13465,6
2685,2354,5
2686,8256,3
2687,13463,5
2688,12250,3
2689,3784,5
2690,2654,6
2691,7916,6
2692,11313,3
2693,7288,5
2694,8821,5
2695,10809,5
2696,2329,5
2697,14045,6
2698,14291,1
2699,10593,1
2700,4898,6
2701,14124,5
2702,4054,3
2703,1318,5
2704,10473,7
2705,2368,5
2706,12335,6
2707,11310,3
2708,9248,7
2709,4690,4
2710,2602,3
2711,11552,2
2712,11894,1
2713,5418,3
2714,5677,3
2715,14780,1
2716,12026,7
2717,2659,5
2718,13471,6
2719,4485,4
2720,192,2
2721,13390,4
2722,6841,5
2723,10227,7
2724,9511,7
2725,10558,7
2726,9833,7
2727,912,1
2728,11303,2
2729,8352,5
2730,12224,3
2731,7800,7
2732,794,1
2733,359,2
2734,2259,5
2735,9244,7
2736,5104,4
2737,4622,3
2738,5399,6
2739,10827,6
2740,8715,3
2741,8562,1
2742,4495,4
2743,15,5
2744,12302,2
2745,9718,7
2746,13055,4
2747,2271,3
2748,14143,5
2749,8487,7
2750,13031,3
2751,14691,2
2752,1063,1
2753,2736,1
2754,11772,5
2755,5561,6
2756,223,2
2757,6152,6
2758,699,5
2759,8703,5
2760,13778,5
2761,13523,3
2762,9728,7
2763,864,2
2764,4782,4
2765,6036,6
2766,8098,7
2767,6070,6
2768,13241,4
2769,1060,2
2770,8815,1
2771,1108,5
2772,9375,2
2773,4557,3
2774,3509,4
2775,14109,1
2776,8574,1
2777,10610,7
2778,10444,7
2779,4752,3
2780,3441,6
2781,6091,3
2782,14278,5
2783,13649,2
2784,9913,7
2785,10935,2
2786,5754,6
2787,6162,6
2788,1255,1
2789,523,2
2790,11430,2
2791,10602,7
2792,5177,4
2793,14397,7
2794,9394,7
2795,9224,2
2796,9011,2
2797,12066,5
2798,7659,5
2799,6231,3
2800,12863,6
2801,707,5
2802,7577,5
2803,6889,1
2804,14856,2
2805,12419,3
2806,6761,5
2807,13255,4
2808,10584,3
2809,10670,6
2810,3318,5
2811,11951,5
2812,5136,6
2813,2583,5
2814,7124,3
2815,6451,5
2816,13213,3
2817,14079,5
2818,13858,7
2819,5061,4
2820,13373,4
2821,8558,2
2822,2255,6
2823,5747,4
2824,11509,2
2825,9496,7
2826,3903,4
2827,7332,6
2828,6501,4
2829,4353,4
2830,14759,7
2831,12127,6
2832,11440,2
2833,6022,7
2834,6441,5
2835,1364,5
2836,10046,7
2837,14428,7
2838,2995,2
2839,14942,3
2840,10570,2
2841,12129,3
2842,15019,6
2843,10297,7
2844,14999,6
2845,8635,1
2846,1765,5
2847,7784,5
2848,4487,4
2849,8473,5
2850,2148,5
2851,4832,4
2852,4941,6
2853,12563,3
2854,14509,2
2855,6000,1
2856,4847,4
2857,9820,7
2858,5508,4
2859,12215,5
2860,7386,7
2861,326,1
2862,6601,2
2863,6063,3
2864,12581,6
2865,5513,6
2866,9464,1
2867,7387,7
2868,4841,4
2869,14979,6
2870,13981,7
2871,8413,5
2872,8676,5
2873,8477,2
2874,15005,2
2875,14528,7
2876,4071,3
2877,11668,2
2878,9259,7
2879,6300,3
2880,14922,3
2881,11675,2
2882,636,5
2883,6739,2
2884,10969,5
2885,10784,3
2886,5269,3
2887,12157,2
2888,13368,6
2889,12000,6
2890,3519,4
2891,13503,2
2892,12471,6
2893,6925,7
2894,3563,4
2895,8140,1
2896,6830,7
2897,12670,4
2898,8103,5
2899,1566,1
2900,2389,5
2901,1808,7
2902,12695,6
2903,743,2
2904,9292,7
2905,6467,5
2906,9139,1
2907,11566,5
2908,14524,7
2909,332,2
2910,7598,6
2911,5749,4
2912,6153,3
2913,11382,5
2914,94,2
2915,6899,7
2916,12840,4
2917,12349,6
2918,9247,7
2919,1313,5
2920,12630,6
2921,10704,1
2922,11641,5
2923,7150,3
2924,9091,7
2925,5863,1
2926,1471,5
2927,9100,7
2928,13849,5
2929,2969,3
2930,10875,2
2931,2049,6
2932,4559,6
2933,12378,4
2934,9897,1
2935,14122,6
2936,2517,3
2937,1490,1
2938,4550,4
2939,14463,1
2940,935,5
2941,13198,4
2942,3041,2
2943,1721,1
2944,4477,4
2945,6204,3
2946,8906,1
2947,14763,1
2948,4079,3
2949,10262,2
2950,7543,7
2951,10555,1
2952,5392,5
2953,7945,5
2954,11614,5
2955,4956,1
2956,3423,4
2957,4474,4
2958,1940,7
2959,8481,6
2960,12163,1
2961,2614,6
2962,11514,1
2963,10997,6
2964,5616,6
2965,10478,7
2966,7969,5
2967,12656,4
2968,1613,5
2969,10707,2
2970,4227,3
2971,9102,7
2972,2715,5
2973,4572,5
2974,9767,7
2975,4013,4
2976,13473,5
2977,11333,3
2978,13163,4
2979,1852,7
2980,10482,7
2981,3715,4
2982,12096,5
2983,1741,1
2984,12830,6
2985,13133,4
2986,5257,6
2987,7674,2
2988,7971,2
2989,5664,3
2990,8952,2
2991,14581,2
2992,2494,5
2993,9618,1
2994,11170,6
2995,15045,6
2996,5152,4
2997,14630,1
2998,3106,3
2999,842,1
3000,8729,2
3001,13252,3
3002,778,5
3003,10356,1
3004,3419,6
3005,6594,5
3006,9397,7
3007,5187,3
3008,7667,7
3009,14722,2
3010,9986,7
3011,7358,7
3012,4524,5
3013,8625,7
3014,2369,5
3015,12711,3
3016,2018,5
3017,1697,2
3018,2069,3
3019,831,2
3020,7093,3
3021,11308,6
3022,6696,2
3023,218,1
3024,8224,7
3025,5501,5
3026,6392,6
3027,12531,4
3028,11033,6
3029,4982,3
3030,40,2
3031,7942,3
3032,6655,3
3033,7862,6
3034,6120,4
3035,12954,4
3036,180,1
3037,5189,4
3038,13141,6
3039,5195,6
3040,2653,3
3041,4992,4
3042,11764,2
3043,5856,6
3044,13282,4
3045,5284,4
3046,7018,5
3047,9562,7
3048,2681,6
3049,6756,7
3050,11648,2
3051,12037,7
3052,752,2
3053,1483,1
3054,9516,7
3055,1953,7
3056,256,2
3057,7663,6
3058,11140,6
3059,3112,5
3060,11469,1
3061,9943,2
3062,2886,3
3063,10990,6
3064,7919,7
3065,5337,4
3066,12663,4
3067,3100,4
3068,8264,1
3069,14611,2
3070,475,2
3071,11584,5
3072,5004,3
3073,7831,6
3074,8081,7
3075,10509,7
3076,13744,6
3077,1473,5
3078,4959,3
3079,6163,6
3080,11173,3
3081,111,1
3082,7782,1
3083,9867,7
3084,14458,7
3085,9819,7
3086,4577,4
3087,13519,2
3088,9467,2
3089,14067,6
3090,13328,4
3091,2638,5
3092,14141,1
3093,10285,1
3094,6052,3
3095,10847,3
3096,11879,1
3097,6216,6
3098,2117,5
3099,405,5
3100,4310,3
3101,11986,6
3102,13319,6
3103,8163,5
3104,13382,2
3105,7041,2
3106,7777,7
3107,8638,1
3108,6184,4
3109,13788,6
3110,8570,7
3111,10093,5
3112,3314,5
3113,8817,5
3114,10722,5
3115,10842,6
3116,5102,4
3117,6350,6
3118,10693,6
3119,5459,4
3120,1899,1
3121,12051,4
3122,4582,4
3123,3027,4
3124,3991,4
3125,11783,1
3126,3608,3
3127,13225,3
3128,7489,2
3129,1450,5
3130,6827,5
3131,6123,6
3132,11653,2
3133,14204,7
3134,6943,5
3135,8041,1
3136,10565,7
3137,11320,3
3138,1737,7
3139,7316,5
3140,2753,5
3141,10064,7
3142,9206,7
3143,3773,4
3144,14512,7
3145,4366,6
3146,10633,3
3147,13513,2
3148,14315,1
3149,9111,7
3150,7776,7
3151,254,2
3152,9322,1
3153,13739,5
3154,13000,3
3155,10881,3
3156,1883,3
3157,4037,3
3158,5186,3
3159,11861,2
3160,10789,4
3161,4047,4
3162,14172,5
3163,44,1
3164,3883,3
3165,11133,6
3166,10212,1
3167,11171,3
3168,2841,3
3169,7557,7
3170,646,2
3171,11177,6
3172,12728,4
3173,3118,6
3174,9489,7
3175,12921,4
3176,5282,4
3177,8814,7
3178,7965,5
3179,10850,5
3180,8554,6
3181,6343,6
3182,6148,4
3183,6486,5
3184,6296,4
3185,7368,7
3186,7937,6
3187,11914,5
3188,5538,3
3189,9611,7
3190,9412,7
3191,2984,3
3192,6695,1
3193,10462,7
3194,416,1
3195,14387,7
3196,6842,1
3197,463,2
3198,6534,2
3199,8690,5
3200,996,1
3201,12203,5
3202,11898,5
3203,3307,3
3204,13151,3
3205,8550,5
3206,2552,3
3207,10569,7
3208,7774,7
3209,4372,4
3210,13135,3
3211,3468,4
3212,13372,4
3213,7254,7
3214,10662,6
3215,14199,2
3216,14858,3
3217,14680,2
3218,3853,1
3219,6979,6
3220,7293,2
3221,5244,7
3222,3840,6
3223,14034,5
3224,7298,2
3225,12204,3
3226,6437,1
3227,11686,1
3228,7066,5
3229,3545,2
3230,2933,6
3231,4848,4
3232,10941,3
3233,9777,7
3234,12241,6
3235,13124,3
3236,2669,3
3237,8826,7
3238,8197,7
3239,6290,3
3240,2064,5
3241,9894,2
3242,2084,7
3243,11344,5
3244,2888,4
3245,4401,4
3246,10305,2
3247,7753,7
3248,5782,2
3249,4741,3
3250,10854,2
3251,11066,6
3252,12306,6
3253,9446,7
3254,4155,4
3255,5784,4
3256,1952,3
3257,4019,3
3258,13997,7
3259,8467,7
3260,509,6
3261,1857,6
3262,14589,2
3263,6531,2
3264,14208,3
3265,2774,5
3266,7722,6
3267,13657,7
3268,2571,6
3269,4613,3
3270,2005,5
3271,7000,7
3272,14400,7
3273,10544,1
3274,3352,5
3275,9982,1
3276,4436,4
3277,9170,7
3278,7908,7
3279,13752,5
3280,7518,6
3281,13768,7
3282,1701,5
3283,13190,6
3284,5638,4
3285,7135,5
3286,7576,5
3287,7503,7
3288,4939,3
3289,10160,1
3290,9137,2
3291,3216,4
3292,11500,2
3293,8479,3
3294,12644,4
3295,14918,2
3296,9380,7
3297,6136,1
3298,8069,6
3299,1325,5
3300,14081,5
3301,3479,4
3302,9854,7
3303,12361,3
3304,6577,7
3305,2046,5
3306,11744,1
3307,2161,4
3308,2658,5
3309,2976,6
3310,8929,1
3311,6247,4
3312,7904,7
3313,13109,6
3314,3834,4
3315,13453,1
3316,2310,2
3317,13335,6
3318,12397,4
3319,13436,4
3320,10807,3
3321,7684,6
3322,4194,4
3323,7490,2
3324,6604,7
3325,11090,6
3326,8115,7
3327,7884,7
3328,6230,4
3329,9694,7
3330,6957,7
3331,12548,3
3332,1990,3
3333,14277,6
3334,2676,4
3335,3401,5
3336,10328,2
3337,6833,5
3338,2061,5
3339,8353,5
3340,14325,1
3341,11831,1
3342,7936,3
3343,9626,1
3344,4718,4
3345,11375,2
3346,6285,3
3347,8545,5
3348,5507,4
3349,8233,5
3350,1673,3
3351,8801,6
3352,8095,7
3353,7242,3
3354,10178,7
3355,4380,5
3356,3538,5
3357,148,2
3358,1902,6
3359,934,5
3360,11749,5
3361,6715,2
3362,10284,1
3363,1643,5
3364,6769,1
3365,10379,7
3366,4492,4
3367,741,2
3368,13270,4
3369,12755,2
3370,304,2
3371,6374,1
3372,4068,5
3373,14125,5
3374,6849,1
3375,8599,7
3376,15095,3
3377,7758,7
3378,264,1
3379,2878,5
3380,13727,5
3381,6940,6
3382,8265,1
3383,2158,6
3384,13552,2
3385,8899,2
3386,1547,1
3387,2152,6
3388,6767,1
3389,2812,6
3390,799,2
3391,12937,4
3392,5540,4
3393,11788,2
3394,13258,3
3395,1603,5
3396,11109,6
3397,9822,5
3398,12798,3
3399,9656,7
3400,8433,2
3401,4274,5
3402,1038,2
3403,8795,1
3404,7825,7
3405,10568,1
3406,11273,3
3407,7149,3
3408,1105,1
3409,12642,4
3410,7778,7
3411,13893,2
3412,14295,2
3413,14643,1
3414,7512,7
3415,10371,2
3416,4248,4
3417,13140,3
3418,3924,6
3419,5396,6
3420,14263,1
3421,9599,7
3422,13694,6
3423,11286,6
3424,12984,5
3425,12969,4
3426,8064,7
3427,13518,4
3428,1087,2
3429,5175,4
3430,695,2
3431,11947,5
3432,6650,5
3433,2748,3
3434,3386,4
3435,8923,7
3436,8572,2
3437,8092,7
3438,9935,1
3439,6668,7
3440,1281,5
3441,5142,4
3442,6478,3
3443,12128,3
3444,8944,2
3445,8881,5
3446,13715,6
3447,3046,4
3448,6302,4
3449,11296,3
3450,2076,5
3451,1205,5
3452,13143,4
3453,10953,6
3454,4052,4
3455,567,1
3456,4721,4
3457,11132,3
3458,8721,5
3459,14047,7
3460,7699,7
3461,102,2
3462,10927,5
3463,4654,4
3464,9178,2
3465,4669,3
3466,721,2
3467,5310,4
3468,14688,7
3469,53,2
3470,11548,2
3471,331,2
3472,12065,1
3473,6765,1
3474,6145,3
3475,445,1
3476,1966,2
3477,4988,4
3478,484,2
3479,3122,4
3480,10806,3
3481,13247,7
3482,689,2
3483,1506,5
3484,13008,4
3485,3767,4
3486,12783,4
3487,14975,3
3488,12982,1
3489,3455,5
3490,4298,4
3491,2381,3
3492,1823,5
3493,7744,5
3494,12340,4
3495,14525,2
3496,7221,3
3497,3044,6
3498,4855,4
3499,8893,1
3500,10549,1
3501,4687,4
3502,3520,4
3503,10496,7
3504,2019,2
3505,2441,2
3506,2855,5
3507,10063,7
3508,5220,4
3509,3678,4
3510,10435,7
3511,15048,3
3512,12582,6
3513,11524,2
3514,14286,7
3515,6427,5
3516,7038,7
3517,14158,7
3518,8541,7
3519,13053,3
3520,10538,7
3521,10904,3
3522,8568,7
3523,13616,5
3524,3465,6
3525,6156,4
3526,8093,7
3527,7833,6
3528,11202,3
3529,5978,4
3530,5713,6
3531,179,2
3532,3182,7
3533,8592,2
3534,8200,1
3535,4134,4
3536,12274,4
3537,2342,6
3538,2174,5
3539,8043,7
3540,14995,3
3541,14120,1
3542,4397,4
3543,11143,4
3544,3338,4
3545,8219,6
3546,9691,7
3547,13365,6
3548,1492,5
3549,13196,4
3550,10757,6
3551,5651,4
3552,7451,6
3553,2982,6
3554,6445,3
3555,3762,4
3556,8613,3
3557,8530,7
3558,9873,7
3559,1694,1
3560,5795,3
3561,8484,2
3562,109,1
3563,9325,7
3564,207,1
3565,2392,5
3566,6008,6
3567,12633,4
3568,1792,5
3569,13688,2
3570,13082,4
3571,4697,4
3572,11482,2
3573,8824,1
3574,1704,1
3575,4671,5
3576,11574,3
3577,4398,4
3578,14575,7
3579,204,1
3580,6732,1
3581,1305,5
3582,3165,4
3583,1712,1
3584,9062,7
3585,7479,5
3586,6777,1
3587,8321,2
3588,1376,5
3589,3568,4
3590,5900,6
3591,2059,5
3592,3103,4
3593,10103,7
3594,5822,6
3595,8260,1
3596,3647,4
3597,6254,3
3598,4651,4
3599,13105,4
3600,9550,7
3601,10101,1
3602,4931,3
3603,3473,4
3604,5989,6
3605,10266,7
3606,1071,1
3607,62,2
3608,1477,5
3609,5114,4
3610,4552,4
3611,5166,5
3612,14632,7
3613,7963,6
3614,12336,4
3615,6628,7
3616,10330,7
3617,14685,7
3618,8290,1
3619,9190,7
3620,13782,5
3621,5439,4
3622,2842,6
3623,4979,6
3624,7067,5
3625,5722,3
3626,8615,1
3627,8373,2
3628,8969,2
3629,13136,7
3630,3885,3
3631,13950,6
3632,12153,2
3633,4574,4
3634,13211,7
3635,14048,2
3636,13025,3
3637,12668,6
3638,1761,1
3639,2742,3
3640,12965,4
3641,2809,3
3642,5574,4
3643,12345,6
3644,14831,1
3645,561,2
3646,14246,7
3647,11186,3
3648,12707,5
3649,5381,4
3650,12331,6
3651,10166,5
3652,1264,1
3653,851,2
3654,15118,3
3655,6679,3
3656,2489,5
3657,2767,4
3658,8706,7
3659,11939,5
3660,12487,4
3661,527,2
3662,12691,3
3663,14656,5
3664,4866,4
3665,344,2
3666,10308,7
3667,6672,1
3668,5405,4
3669,9554,1
3670,10987,3
3671,2554,3
3672,14415,2
3673,8052,5
3674,7255,7
3675,13605,7
3676,5543,4
3677,12168,1
3678,10242,2
3679,3598,6
3680,1052,2
3681,7989,5
3682,6050,6
3683,239,2
3684,2707,6
3685,9437,1
3686,12639,4
3687,8097,7
3688,3562,3
3689,14966,5
3690,5006,4
3691,6015,3
3692,10671,6
3693,1671,5
3694,12589,3
3695,2533,4
3696,11742,5
3697,9465,7
3698,12358,4
3699,14835,1
3700,10844,3
3701,6099,4
3702,12256,3
3703,7622,3
3704,3416,4
3705,2513,2
3706,13581,5
3707,14737,1
3708,9225,1
3709,13428,2
3710,9196,7
3711,8884,1
3712,12029,3
3713,4390,3
3714,5888,4
3715,11731,1
3716,10865,4
3717,751,2
3718,13417,6
3719,11586,2
3720,8505,1
3721,2672,4
3722,11690,2
3723,3541,5
3724,3248,4
3725,8397,7
3726,7428,3
3727,5407,3
3728,11182,3
3729,14886,5
3730,14982,6
3731,8021,5
3732,10152,5
3733,10056,1
3734,14237,5
3735,477,2
3736,1734,5
3737,13791,7
3738,13681,6
3739,11266,2
3740,12832,3
3741,6712,1
3742,6865,6
3743,10468,7
3744,13651,7
3745,7075,5
3746,1022,2
3747,3782,3
3748,9309,1
3749,6636,2
3750,5707,6
3751,4451,3
3752,3069,4
3753,12977,3
3754,3944,4
3755,4949,4
3756,9122,7
3757,11429,1
3758,13764,3
3759,7117,6
3760,12776,4
3761,520,1
3762,15054,3
3763,7677,5
3764,6847,3
3765,7961,3
3766,5663,4
3767,13464,3
3768,5697,4
3769,14054,3
3770,3546,4
3771,14944,5
3772,9771,7
3773,7090,5
3774,662,2
3775,7370,7
3776,12646,4
3777,9435,7
3778,8181,5
3779,5696,4
3780,10470,7
3781,6226,6
3782,9401,2
3783,7145,5
3784,5456,3
3785,7190,5
3786,3327,4
3787,3510,4
3788,8543,1
3789,5693,4
3790,15087,3
3791,15069,3
3792,3498,3
3793,1354,5
3794,7008,3
3795,10759,6
3796,3295,4
3797,6428,5
3798,4558,3
3799,2815,5
3800,33,2
3801,10922,6
3802,363,2
3803,1119,2
3804,5494,4
3805,8534,6
3806,3575,4
3807,6356,2
3808,5792,2
3809,8709,1
3810,11701,2
3811,1148,1
3812,7153,7
3813,5383,3
3814,1246,1
3815,8131,3
3816,9497,7
3817,6785,1
3818,780,1
3819,1840,2
3820,1457,5
3821,5910,4
3822,11105,6
3823,14220,5
3824,1189,2
3825,5191,6
3826,12550,4
3827,859,1
3828,6491,2
3829,1558,5
3830,11906,5
3831,10628,1
3832,12558,4
3833,11842,1
3834,6898,6
3835,7281,1
3836,13693,6
3837,7525,1
3838,3610,4
3839,8404,5
3840,316,2
3841,12806,6
3842,54,5
3843,7670,1
3844,7181,5
3845,5840,5
3846,8242,5
3847,307,2
3848,3227,5
3849,6255,3
3850,2625,6
3851,15040,3
3852,4616,6
3853,1260,5
3854,2782,3
3855,13015,4
3856,6203,6
3857,4809,6
3858,12198,5
3859,5860,7
3860,12562,4
3861,12286,4
3862,9,5
3863,2332,6
3864,12904,5
3865,10441,7
3866,8619,5
3867,2802,4
3868,846,5
3869,13289,4
3870,10605,1
3871,7647,1
3872,1829,1
3873,9780,7
3874,11228,6
3875,2818,6
3876,9084,7
3877,12847,2
3878,6439,5
3879,5388,7
3880,11271,3
3881,2139,3
3882,6234,4
3883,10463,7
3884,1111,2
3885,11039,6
3886,14308,2
3887,1403,1
3888,8444,3
3889,13202,7
3890,338,2
3891,3564,4
3892,15089,6
3893,1498,1
3894,6003,2
3895,3273,6
3896,8204,1
3897,13086,4
3898,10562,1
3899,4899,4
3900,3007,6
3901,6530,2
3902,243,7
3903,11138,3
3904,7712,1
3905,1027,1
3906,724,1
3907,10638,2
3908,5854,3
3909,2040,4
3910,14316,1
3911,8658,6
3912,5612,6
3913,13573,3
3914,7453,3
3915,5878,4
3916,3658,4
3917,12311,2
3918,10052,1
3919,2249,4
3920,7767,6
3921,14637,2
3922,14736,2
3923,10864,4
3924,2582,5
3925,13917,5
3926,10845,5
3927,11095,6
3928,810,2
3929,12025,7
3930,3244,4
3931,6030,3
3932,5525,4
3933,2104,1
3934,8389,7
3935,12110,4
3936,12446,6
3937,5422,4
3938,13383,6
3939,11580,1
3940,5563,4
3941,2007,6
3942,3404,6
3943,3807,4
3944,6569,3
3945,1540,2
3946,5040,3
3947,12519,4
3948,6513,2
3949,460,1
3950,10666,6
3951,11141,3
3952,188,1
3953,7403,7
3954,7208,3
3955,2941,3
3956,4943,3
3957,9286,7
3958,11373,2
3959,4861,6
3960,5994,4
3961,13116,3
3962,3959,4
3963,3350,5
3964,2722,6
3965,3065,6
3966,9596,2
3967,1496,5
3968,2054,3
3969,11619,1
3970,8106,6
3971,14689,7
3972,4420,6
3973,5901,4
3974,428,5
3975,1030,1
3976,7894,3
3977,11515,2
3978,4835,4
3979,14834,2
3980,9883,2
3981,5085,2
3982,3417,3
3983,13659,1
3984,1224,5
3985,9766,2
3986,12301,5
3987,13324,3
3988,6025,4
3989,10323,7
3990,14772,1
3991,8281,7
3992,5172,3
3993,7198,7
3994,470,1
3995,12303,2
3996,7743,5
3997,9019,2
3998,9136,2
3999,13626,2
4000,3194,6
4001,2399,6
4002,717,2
4003,7840,7
4004,9494,7
4005,8781,6
4006,5156,4
4007,13117,4
4008,6279,4
4009,7295,7
4010,14022,7
4011,12231,4
4012,173,2
4013,6092,3
4014,8214,5
4015,2987,3
4016,13113,6
4017,5316,6
4018,2251,6
4019,11346,5
4020,6853,5
4021,8502,5
4022,11859,1
4023,5065,4
4024,5118,3
4025,8902,1
4026,9324,7
4027,2081,4
4028,1509,1
4029,8283,1
4030,3534,4
4031,14674,7
4032,12383,4
4033,4235,4
4034,11609,1
4035,2265,6
4036,7473,2
4037,12564,4
4038,11908,7
4039,14683,7
4040,826,1
4041,5950,6
4042,13598,5
4043,13861,6
4044,3707,4
4045,4300,4
4046,9158,7
4047,654,2
4048,10381,1
4049,11283,5
4050,14961,3
4051,13850,6
4052,5719,3
4053,14164,7
4054,7881,5
4055,13910,7
4056,13338,1
4057,14398,7
4058,8143,1
4059,14768,1
4060,14668,5
4061,1867,1
4062,6671,2
4063,14268,3
4064,2726,5
4065,8372,7
4066,503,1
4067,6595,5
4068,11693,2
4069,13579,6
4070,8401,5
4071,14646,2
4072,13594,6
4073,9083,7
4074,12329,6
4075,5567,6
4076,6771,3
4077,2098,7
4078,4683,4
4079,9567,7
4080,13204,3
4081,516,1
4082,6164,3
4083,285,1
4084,11541,1
4085,355,2
4086,9671,1
4087,7179,7
4088,9702,1
4089,6490,2
4090,11009,6
4091,9460,1
4092,10909,6
4093,7273,7
4094,15081,3
4095,12571,4
4096,12970,3
4097,12480,4
4098,9575,1
4099,1200,5
4100,10024,1
4101,10119,1
4102,7823,7
4103,13131,3
4104,3038,6
4105,7045,5
4106,9231,7
4107,7770,6
4108,598,2
4109,4391,3
4110,3448,5
4111,5802,6
4112,13891,7
4113,12616,6
4114,3451,5
4115,621,2
4116,2641,5
4117,12741,5
4118,13577,6
4119,7614,2
4120,6540,3
4121,3738,4
4122,10139,1
4123,5850,6
4124,4617,6
4125,939,2
4126,6763,2
4127,12230,5
4128,8660,5
4129,14508,2
4130,1497,1
4131,8297,6
4132,11112,5
4133,9544,7
4134,5058,6
4135,10418,1
4136,4844,6
4137,10525,7
4138,1011,2
4139,6922,6
4140,10390,1
4141,3060,1
4142,2181,4
4143,11080,3
4144,13786,7
4145,5123,5
4146,1814,6
4147,14696,3
4148,13969,7
4149,2805,4
4150,8129,2
4151,3940,4
4152,964,5
4153,1392,1
4154,14541,7
4155,7355,2
4156,14446,7
4157,12381,4
4158,3183,7
4159,10235,1
4160,11211,3
4161,1322,1
4162,14577,7
4163,2611,5
4164,14170,7
4165,1832,5
4166,6571,1
4167,11098,3
4168,8425,5
4169,8822,7
4170,10159,5
4171,9976,1
4172,4600,4
4173,4133,4
4174,5081,4
4175,12791,4
4176,7990,7
4177,4593,3
4178,3740,4
4179,1888,1
4180,12425,4
4181,2414,5
4182,14917,4
4183,11529,5
4184,3095,4
4185,9744,1
4186,617,2
4187,10820,2
4188,6919,5
4189,9290,7
4190,13378,3
4191,3274,5
4192,1315,1
4193,2970,6
4194,5943,3
4195,1494,2
4196,381,2
4197,12235,6
4198,12015,6
4199,9365,7
4200,5692,2
4201,2882,2
4202,7292,6
4203,1918,6
4204,2497,5
4205,8007,7
4206,10818,3
4207,3979,6
4208,5623,4
4209,1219,1
4210,14833,2
4211,9442,7
4212,14333,7
4213,4801,4
4214,1114,1
4215,8949,5
4216,3213,4
4217,11786,2
4218,14088,3
4219,5431,6
4220,1002,5
4221,2330,2
4222,1987,2
4223,2954,1
4224,3310,4
4225,604,2
4226,8073,5
4227,8573,1
4228,6586,5
4229,12880,1
4230,11634,2
4231,14357,1
4232,13089,3
4233,8591,1
4234,3034,6
4235,48,2
4236,13173,1
4237,10917,4
4238,796,1
4239,4603,4
4240,8350,1
4241,3289,4
4242,14810,7
4243,13595,7
4244,10326,7
4245,10078,7
4246,11517,2
4247,3699,4
4248,11915,7
4249,6939,6
4250,8355,5
4251,9400,7
4252,4747,6
4253,13030,4
4254,6859,7
4255,9579,2
4256,10894,5
4257,12493,3
4258,753,1
4259,11503,2
4260,5885,6
4261,6098,2
4262,13142,3
4263,2352,3
4264,6249,7
4265,13601,5
4266,14412,7
4267,11142,3
4268,1410,1
4269,10880,5
4270,11645,5
4271,1527,2
4272,3731,4
4273,3110,1
4274,1134,2
4275,4562,3
4276,2958,6
4277,10427,7
4278,3909,3
4279,11460,2
4280,3171,4
4281,9650,2
4282,2719,3
4283,12317,3
4284,14234,1
4285,61,5
4286,4244,4
4287,5462,7
4288,11666,2
4289,14823,7
4290,2557,6
4291,5250,5
4292,6835,5
4293,10902,6
4294,2889,4
4295,9200,7
4296,5484,3
4297,1458,2
4298,12936,6
4299,10514,7
4300,1252,5
4301,12223,3
4302,10925,3
4303,5811,3
4304,6905,6
4305,7685,3
4306,13307,6
4307,10631,7
4308,10233,7
4309,114,2
4310,13970,6
4311,10567,7
4312,9104,1
4313,11612,6
4314,5946,3
4315,1004,1
4316,13707,7
4317,12316,3
4318,11737,5
4319,1391,5
4320,14144,5
4321,4427,5
4322,5748,4
4323,1036,2
4324,7694,6
4325,2935,2
4326,2430,3
4327,13284,6
4328,755,2
4329,8865,1
4330,8578,6
4331,9440,7
4332,8469,1
4333,7845,6
4334,1339,5
4335,2374,1
4336,8788,5
4337,3208,4
4338,5445,6
4339,8340,5
4340,7527,1
4341,10494,7
4342,13339,2
4343,72,1
4344,6989,5
4345,10685,6
4346,2877,5
4347,6418,1
4348,9750,2
4349,7268,7
4350,12827,4
4351,11396,2
4352,10754,3
4353,4724,6
4354,10537,2
4355,10511,1
4356,11083,3
4357,3567,4
4358,4816,3
4359,3980,4
4360,11977,6
4361,1482,2
4362,5224,3
4363,8178,1
4364,13644,6
4365,5503,3
4366,3220,1
4367,6812,5
4368,11624,1
4369,8957,2
4370,13839,6
4371,12974,3
4372,11244,3
4373,3760,4
4374,11321,3
4375,14880,5
4376,9275,7
4377,4894,6
4378,7917,6
4379,10822,3
4380,4475,6
4381,7431,7
4382,3011,1
4383,9834,7
4384,8846,2
4385,9274,7
4386,11916,7
4387,13596,2
4388,727,2
4389,14194,1
4390,2905,6
4391,4118,5
4392,2235,6
4393,6240,6
4394,4713,1
4395,13796,6
4396,5239,6
4397,619,1
4398,12525,3
4399,410,2
4400,140,5
4401,1847,5
4402,13078,5
4403,12620,4
4404,10395,2
4405,6875,6
4406,1572,1
4407,768,1
4408,8629,1
4409,9089,2
4410,9907,7
4411,4546,4
4412,1762,7
4413,12997,3
4414,11304,3
4415,4834,4
4416,11337,3
4417,7572,2
4418,998,1
4419,14356,7
4420,8088,5
4421,8326,7
4422,13906,6
4423,13200,3
4424,2264,6
4425,13994,7
4426,10870,2
4427,9903,2
4428,4640,3
4429,3054,3
4430,1591,5
4431,13842,1
4432,7994,7
4433,1807,1
4434,10696,6
4435,6227,6
4436,5874,3
4437,11717,1
4438,6851,1
4439,15101,6
4440,2100,7
4441,10448,7
4442,3571,4
4443,9406,7
4444,5571,4
4445,13118,3
4446,3159,3
4447,1192,5
4448,6310,3
4449,8616,6
4450,339,1
4451,14498,1
4452,4653,4
4453,6770,3
4454,3961,4
4455,10425,7
4456,3303,4
4457,12681,4
4458,13614,6
4459,7650,2
4460,6331,3
4461,9293,7
4462,4328,4
4463,1444,5
4464,2292,6
4465,2036,6
4466,13511,1
4467,1748,7
4468,4318,5
4469,7508,1
4470,12925,3
4471,14303,7
4472,3958,4
4473,9530,1
4474,7637,6
4475,4504,3
4476,12076,6
4477,1429,1
4478,4635,4
4479,11981,5
4480,11688,1
4481,6969,7
4482,12277,3
4483,2688,6
4484,2564,5
4485,1270,5
4486,8988,1
4487,12426,4
4488,11787,2
4489,3532,4
4490,12034,7
4491,12603,6
4492,13665,7
4493,5986,4
4494,6412,6
4495,9633,1
4496,12966,4
4497,9644,7
4498,5045,2
4499,2717,2
4500,2616,6
4501,11115,3
4502,2668,3
4503,14956,6
4504,6035,3
4505,2085,7
4506,5003,3
4507,319,2
4508,14897,4
4509,7860,6
4510,8686,2
4511,3530,4
4512,2655,6
4513,3243,4
4514,11523,1
4515,11012,6
4516,6857,1
4517,387,3
4518,5689,2
4519,10423,7
4520,9786,7
4521,476,5
4522,10694,6
4523,12802,4
4524,8255,2
4525,2020,2
4526,8513,5
4527,10399,7
4528,1062,1
4529,11579,2
4530,12160,2
4531,6867,7
4532,14744,7
4533,8759,1
4534,10361,7
4535,10500,7
4536,3427,4
4537,12298,6
4538,14376,1
4539,10071,2
4540,1906,3
4541,5838,2
4542,6581,7
4543,13108,3
4544,10408,1
4545,310,2
4546,12567,4
4547,13411,3
4548,766,5
4549,8266,7
4550,5647,3
4551,2041,7
4552,14926,3
4553,4877,4
4554,2680,6
4555,2406,3
4556,14042,1
4557,14775,2
4558,14167,5
4559,8424,5
4560,6315,6
4561,1037,1
4562,12612,4
4563,13761,7
4564,10447,7
4565,12120,2
4566,9419,1
4567,4042,4
4568,4389,6
4569,1424,5
4570,13735,2
4571,4399,4
4572,13732,5
4573,14564,7
4574,11114,6
4575,5057,6
4576,5509,4
4577,4367,6
4578,5293,5
4579,12714,4
4580,3020,4
4581,13044,3
4582,6210,6
4583,1083,2
4584,13440,3
4585,6060,6
4586,10430,1
4587,10388,7
4588,6435,1
4589,2323,1
4590,8005,7
4591,14573,1
4592,10890,3
4593,2186,3
4594,13673,6
4595,13989,6
4596,14838,2
4597,8860,5
4598,7032,5
4599,11181,6
4600,4499,4
4601,8793,2
4602,14734,2
4603,3657,4
4604,11655,1
4605,10407,7
4606,5743,3
4607,3771,4
4608,4838,4
4609,6420,3
4610,8634,1
4611,14598,7
4612,10619,2
4613,4680,3
4614,2200,4
4615,12514,4
4616,10428,1
4617,2022,1
4618,2149,3
4619,5149,6
4620,15068,6
4621,6625,3
4622,14818,7
4623,9180,2
4624,1053,1
4625,9471,7
4626,5365,4
4627,11461,2
4628,1145,1
4629,5633,7
4630,7913,5
4631,4498,3
4632,2202,6
4633,7865,3
4634,15104,3
4635,11299,6
4636,13774,7
4637,7531,6
4638,4892,4
4639,2162,4
4640,10094,5
4641,13721,3
4642,7362,5
4643,10877,6
4644,12057,4
4645,11263,3
4646,3916,4
4647,14983,4
4648,5374,4
4649,9587,7
4650,9127,7
4651,4911,6
4652,2090,2
4653,8644,3
4654,4674,5
4655,9321,1
4656,2887,4
4657,9789,7
4658,2534,6
4659,3798,6
4660,9032,7
4661,2227,6
4662,128,2
4663,9131,1
4664,5121,7
4665,4084,4
4666,2226,5
4667,9736,7
4668,972,5
4669,7889,7
4670,12464,4
4671,4803,6
4672,6960,2
4673,14866,6
4674,14854,1
4675,3168,4
4676,14570,1
4677,6640,5
4678,2442,5
4679,12556,5
4680,6219,4
4681,399,1
4682,4189,4
4683,5134,4
4684,10222,2
4685,1740,2
4686,6378,5
4687,13876,6
4688,11075,6
4689,4195,4
4690,2355,1
4691,4649,4
4692,4449,3
4693,1190,5
4694,1310,1
4695,12766,4
4696,2563,5
4697,3058,3
4698,7693,6
4699,9774,1
4700,202,1
4701,2853,7
4702,6775,2
4703,11408,2
4704,400,2
4705,12131,5
4706,3791,4
4707,6517,3
4708,9048,1
4709,15041,6
4710,9993,7
4711,10665,6
4712,4970,4
4713,1237,1
4714,12470,3
4715,10792,2
4716,10213,1
4717,12077,7
4718,8309,5
4719,5683,3
4720,275,2
4721,10280,2
4722,7893,2
4723,4560,4
4724,12985,5
4725,231,2
4726,4652,4
4727,9526,7
4728,12989,4
4729,3859,4
4730,11519,2
4731,9068,1
4732,2936,2
4733,6622,3
4734,5715,6
4735,12720,4
4736,1996,6
4737,1714,2
4738,7019,5
4739,11465,1
4740,4313,3
4741,5140,4
4742,1307,1
4743,2769,7
4744,12414,4
4745,2872,6
4746,12650,6
4747,2516,4
4748,3152,4
4749,6390,6
4750,7397,7
4751,10050,1
4752,2955,2
4753,14503,1
4754,15012,3
4755,1213,1
4756,8588,5
4757,7200,5
4758,10687,6
4759,2794,7
4760,14984,6
4761,3331,6
4762,281,1
4763,14644,7
4764,8650,2
4765,11401,2
4766,7952,7
4767,12576,6
4768,6803,6
4769,6552,2
4770,2470,5
4771,3078,7
4772,5108,4
4773,4040,4
4774,3584,4
4775,6429,5
4776,13362,3
4777,9730,7
4778,11037,2
4779,9138,1
4780,13571,1
4781,12005,6
4782,7276,1
4783,10858,3
4784,7873,5
4785,4700,6
4786,1947,3
4787,12951,3
4788,10145,5
4789,7495,6
4790,7591,5
4791,3035,3
4792,2900,6
4793,1599,5
4794,6661,5
4795,776,2
4796,7460,7
4797,10683,6
4798,6728,2
4799,7095,6
4800,7688,7
4801,10813,2
4802,2763,3
4803,1323,2
4804,10883,6
4805,3370,3
4806,5662,4
4807,2285,5
4808,295,1
4809,11479,5
4810,7120,2
4811,6382,3
4812,13020,4
4813,251,2
4814,9289,7
4815,13154,4
4816,12307,6
4817,9911,7
4818,890,2
4819,3457,4
4820,8512,5
4821,2997,1
4822,3693,4
4823,8026,7
4824,14671,7
4825,5030,3
4826,9912,7
4827,12601,6
4828,15074,3
4829,14077,1
4830,5864,2
4831,5591,4
4832,4665,4
4833,2509,5
4834,14511,2
4835,9240,1
4836,8057,5
4837,13494,5
4838,11903,5
4839,6697,6
4840,6670,1
4841,1474,1
4842,12588,6
4843,8928,7
4844,8206,6
4845,5359,2
4846,8099,2
4847,8521,6
4848,12780,3
4849,8504,2
4850,13502,1
4851,878,1
4852,12444,4
4853,3104,3
4854,12366,3
4855,13646,6
4856,9664,7
4857,11613,2
4858,7002,3
4859,2412,5
4860,2945,4
4861,10876,3
4862,11190,3
4863,8738,7
4864,10451,1
4865,9675,7
4866,12580,4
4867,10804,3
4868,4201,4
4869,2215,6
4870,8085,3
4871,5355,6
4872,1756,5
4873,4561,3
4874,12623,4
4875,13912,3
4876,6758,1
4877,8511,5
4878,5333,4
4879,4236,4
4880,5519,4
4881,9975,1
4882,2168,7
4883,11270,6
4884,7657,2
4885,6592,1
4886,4316,4
4887,8415,2
4888,5814,6
4889,11113,5
4890,8330,1
4891,10906,3
4892,14411,7
4893,2110,4
4894,3787,6
4895,9756,5
4896,6166,4
4897,3344,6
4898,2604,3
4899,11225,3
4900,3362,4
4901,13992,7
4902,2819,3
4903,11921,1
4904,3371,4
4905,12380,4
4906,49,5
4907,14211,6
4908,521,2
4909,10848,2
4910,12853,4
4911,7183,2
4912,5116,4
4913,6585,2
4914,10965,3
4915,11563,2
4916,8117,1
4917,3617,3
4918,7414,7
4919,3676,6
4920,8298,3
4921,5215,4
4922,7029,5
4923,7742,5
4924,10582,1
4925,12950,4
4926,11223,3
4927,3381,3
4928,2524,5
4929,5938,6
4930,5324,4
4931,10810,1
4932,4167,4
4933,13704,6
4934,2859,6
4935,3412,4
4936,13158,1
4937,6518,3
4938,3911,6
4939,13063,3
4940,14019,7
4941,11516,1
4942,14341,7
4943,5276,3
4944,1551,2
4945,9049,1
4946,14939,5
4947,12765,4
4948,4597,4
4949,947,5
4950,7113,3
4951,14853,2
4952,11188,3
4953,14665,5
4954,2632,6
4955,9749,2
4956,3131,4
4957,3600,3
4958,4701,4
4959,3963,4
4960,382,1
4961,4554,3
4962,2446,3
4963,7246,7
4964,7903,7
4965,14572,7
4966,5141,4
4967,12318,1
4968,1304,5
4969,1382,5
4970,1350,1
4971,14410,1
4972,9184,7
4973,1116,1
4974,10978,6
4975,7164,6
4976,8921,5
4977,9682,1
4978,5764,3
4979,6665,7
4980,2675,4
4981,3628,4
4982,7030,5
4983,11217,3
4984,4282,3
4985,5115,4
4986,3413,4
4987,10766,3
4988,14155,3
4989,12507,4
4990,3040,3
4991,10283,7
4992,2643,6
4993,7321,6
4994,8654,3
4995,6877,7
4996,6199,1
4997,3849,4
4998,7322,3
4999,13375,6
5000,14285,5
5001,5463,1
5002,6078,6
5003,4933,4
5004,2365,1
5005,11960,1
5006,7834,3
5007,1579,2
5008,4407,4
5009,7761,7
5010,12155,5
5011,2458,3
5012,6873,5
5013,11689,2
5014,15009,6
5015,7015,2
5016,11478,2
5017,13276,4
5018,2312,2
5019,11774,1
5020,8812,2
5021,8926,1
5022,4751,4
5023,12126,6
5024,2603,3
5025,3593,5
5026,6474,1
5027,13948,2
5028,6623,3
5029,2287,6
5030,8047,7
5031,13246,3
5032,862,5
5033,12987,4
5034,4708,3
5035,6055,6
5036,9663,7
5037,341,1
5038,15016,6
5039,6837,6
5040,11843,1
5041,11287,6
5042,14073,2
5043,686,1
5044,2779,3
5045,7679,5
5046,352,7
5047,9334,7
5048,9486,7
5049,6627,1
5050,14908,3
5051,13775,7
5052,5229,4
5053,1089,2
5054,8778,1
5055,11449,1
5056,759,2
5057,9598,1
5058,3801,6
5059,956,1
5060,5598,3
5061,6575,6
5062,6095,6
5063,13947,2
5064,9969,7
5065,889,5
5066,9936,1
5067,14227,1
5068,2943,4
5069,8212,7
5070,14420,7
5071,7021,6
5072,6971,2
5073,4897,3
5074,910,5
5075,7500,6
5076,7864,6
5077,6916,7
5078,4481,4
5079,538,2
5080,9171,7
5081,13604,3
5082,6726,1
5083,10010,5
5084,2209,6
5085,7691,5
5086,7297,7
5087,1523,5
5088,10481,1
5089,12842,4
5090,3087,4
5091,5640,6
5092,8520,5
5093,11892,1
5094,15106,6
5095,5335,4
5096,6026,6
5097,10856,6
5098,10194,1
5099,5087,5
5100,3360,4
5101,11849,1
5102,12813,4
5103,14526,7
5104,2998,6
5105,13569,7
5106,2924,2
5107,3392,7
5108,3260,4
5109,7972,1
5110,14563,7
5111,10182,1
5112,12510,5
5113,13558,5
5114,12896,4
5115,13838,5
5116,10543,7
5117,4893,4
5118,7731,7
5119,8075,2
5120,273,2
5121,9573,7
5122,15109,6
5123,8316,3
5124,12002,1
5125,2428,6
5126,12817,6
5127,829,2
5128,12030,6
5129,14882,5
5130,2652,4
5131,7517,3
5132,7020,6
5133,4675,4
5134,8176,6
5135,14486,7
5136,7735,6
5137,3024,3
5138,8782,5
5139,11264,3
5140,9133,1
5141,8457,5
5142,2916,3
5143,8241,6
5144,8917,2
5145,6774,1
5146,9576,7
5147,24,5
5148,9546,7
5149,11622,1
5150,1501,1
5151,8037,5
5152,3531,3
5153,12049,4
5154,3180,3
5155,2562,7
5156,9177,2
5157,6475,5
5158,1448,7
5159,8040,6
5160,4113,7
5161,6913,3
5162,9670,1
5163,13193,6
5164,6476,5
5165,13107,3
5166,13479,5
5167,4585,3
5168,10048,7
5169,8268,7
5170,5342,4
5171,12254,5
5172,8472,5
5173,12046,4
5174,8357,6
5175,7711,1
5176,12433,5
5177,14969,3
5178,14574,7
5179,11964,3
5180,13658,7
5181,8853,5
5182,9877,1
5183,1139,1
5184,10612,7
5185,12544,3
5186,11175,6
5187,12418,6
5188,5226,3
5189,1581,5
5190,156,2
5191,13346,4
5192,5429,5
5193,303,1
5194,11943,3
5195,3374,4
5196,12789,4
5197,317,2
5198,4031,4
5199,7457,1
5200,1563,1
5201,37,1
5202,6907,3
5203,9194,2
5204,8903,1
5205,11824,5
5206,12876,4
5207,7773,7
5208,3721,3
5209,12865,4
5210,13954,1
5211,13071,6
5212,9106,7
5213,14447,7
5214,9931,7
5215,5688,7
5216,7754,7
5217,8978,1
5218,2499,6
5219,7643,6
5220,620,1
5221,14652,1
5222,13433,4
5223,14205,5
5224,11176,6
5225,7857,7
5226,13018,4
5227,8901,7
5228,1548,5
5229,13973,7
5230,7505,2
5231,1028,1
5232,7482,6
5233,13733,3
5234,10961,2
5235,9665,7
5236,13011,3
5237,5660,6
5238,14419,7
5239,7022,7
5240,8238,3
5241,3255,4
5242,9063,1
5243,9271,1
5244,5046,5
5245,5704,6
5246,6096,6
5247,2885,6
5248,900,5
5249,10797,2
5250,11545,5
5251,7752,6
5252,1778,7
5253,321,1
5254,9515,7
5255,2865,3
5256,7672,5
5257,1409,1
5258,12497,1
5259,10074,7
5260,11356,2
5261,6198,2
5262,532,2
5263,3697,4
5264,9745,2
5265,4688,4
5266,1290,5
5267,9059,1
5268,4429,4
5269,4828,4
5270,13527,5
5271,3201,4
5272,1024,1
5273,1517,7
5274,12152,5
5275,12654,5
5276,10322,7
5277,1795,5
5278,9374,7
5279,14062,2
5280,14925,3
5281,3181,7
5282,7134,5
5283,7383,2
5284,2689,6
5285,8024,2
5286,558,2
5287,14789,7
5288,7455,3
5289,4655,4
5290,3683,5
5291,10737,2
5292,8772,7
5293,3735,4
5294,8756,6
5295,8408,3
5296,6542,2
5297,5925,6
5298,14216,5
5299,14271,1
5300,6880,7
5301,13514,5
5302,8148,3
5303,4817,4
5304,8102,5
5305,12868,3
5306,10112,7
5307,13769,1
5308,10040,1
5309,14697,3
5310,5471,3
5311,720,2
5312,580,2
5313,1590,1
5314,6258,6
5315,3167,4
5316,11848,1
5317,1080,2
5318,6634,5
5319,8828,7
5320,5935,4
5321,7836,5
5322,9759,5
5323,3151,4
5324,1668,1
5325,5238,6
5326,12208,6
5327,5158,3
5328,5074,5
5329,10467,7
5330,12091,6
5331,12453,5
5332,4758,3
5333,5789,3
5334,12449,4
5335,3855,6
5336,14252,6
5337,8979,1
5338,13359,6
5339,4291,4
5340,9487,7
5341,13446,5
5342,7166,2
5343,13864,6
5344,8895,1
5345,8807,1
5346,306,2
5347,7848,6
5348,4807,4
5349,1836,5
5350,13885,5
5351,9232,7
5352,7546,6
5353,13331,6
5354,3648,4
5355,13538,3
5356,3930,5
5357,8741,5
5358,8086,5
5359,4681,3
5360,11925,2
5361,13081,4
5362,1863,5
5363,6927,7
5364,7357,7
5365,9889,7
5366,8833,3
5367,12609,4
5368,4689,4
5369,7099,5
5370,13754,7
5371,3997,3
5372,3251,4
5373,3461,4
5374,9732,7
5375,5035,6
5376,14538,2
5377,12635,4
5378,2083,7
5379,8210,1
5380,737,5
5381,3492,5
5382,5835,7
5383,10892,3
5384,911,1
5385,15024,3
5386,2845,4
5387,11050,3
5388,11189,3
5389,9592,7
5390,14629,7
5391,14729,2
5392,7589,1
5393,1449,1
5394,14905,6
5395,11300,2
5396,1396,2
5397,10967,3
5398,2008,6
5399,12067,5
5400,11005,3
5401,11968,7
5402,12753,4
5403,1373,2
5404,10011,2
5405,12140,3
5406,14159,7
5407,7178,2
5408,1941,5
5409,13746,3
5410,4051,4
5411,8002,3
5412,11393,2
5413,11918,1
5414,3487,1
5415,3025,3
5416,2253,6
5417,14157,5
5418,12263,7
5419,9893,2
5420,1715,1
5421,3850,3
5422,2142,6
5423,1251,1
5424,13635,2
5425,12027,5
5426,14037,7
5427,6411,6
5428,9296,7
5429,13408,6
5430,6141,3
5431,1055,2
5432,14099,3
5433,75,2
5434,12013,5
5435,4802,4
5436,6876,3
5437,224,1
5438,4119,4
5439,8920,7
5440,4050,4
5441,4983,3
5442,6469,2
5443,9297,1
5444,5773,6
5445,12281,5
5446,14950,3
5447,7803,1
5448,6492,2
5449,11664,1
5450,2305,5
5451,14384,7
5452,3833,4
5453,7170,1
5454,4873,6
5455,946,2
5456,13653,2
5457,14870,6
5458,8449,5
5459,14445,5
5460,4438,4
5461,9066,7
5462,13888,6
5463,2866,4
5464,3446,4
5465,9287,7
5466,2607,6
5467,13771,6
5468,10982,3
5469,12988,6
5470,11606,2
5471,8712,5
5472,6346,3
5473,7897,6
5474,7641,3
5475,6511,7
5476,8261,2
5477,563,2
5478,11818,5
5479,5202,1
5480,12529,5
5481,6449,2
5482,6738,6
5483,565,1
5484,4297,4
5485,13244,6
5486,5194,6
5487,4648,4
5488,6997,2
5489,3651,4
5490,8056,1
5491,1896,3
5492,2335,6
5493,14618,7
5494,498,1
5495,950,2
5496,5947,7
5497,10942,6
5498,5861,7
5499,12035,7
5500,10020,2
5501,12994,4
5502,3264,4
5503,13419,4
5504,4014,4
5505,9556,2
5506,11769,5
5507,2572,3
5508,9076,1
5509,2068,4
5510,5055,6
5511,10384,7
5512,8963,5
5513,3186,5
5514,4918,2
5515,8202,3
5516,4929,3
5517,1979,3
5518,11724,1
5519,12455,6
5520,6426,5
5521,4936,4
5522,8371,7
5523,343,2
5524,15025,6
5525,3335,4
5526,1647,5
5527,6759,1
5528,8646,7
5529,13444,7
5530,2529,2
5531,6949,1
5532,12719,4
5533,12309,3
5534,14804,7
5535,9451,2
5536,14962,3
5537,1197,5
5538,12333,4
5539,14092,1
5540,11047,6
5541,6884,3
5542,3347,2
5543,11738,2
5544,10798,2
5545,2532,6
5546,11988,4
5547,13396,2
5548,7815,7
5549,13692,6
5550,9359,7
5551,3748,4
5552,4263,5
5553,787,2
5554,12139,6
5555,9418,7
5556,5979,4
5557,3802,6
5558,8327,7
5559,6714,1
5560,11267,2
5561,7539,6
5562,7921,7
5563,13562,5
5564,8196,7
5565,10968,3
5566,9499,7
5567,11797,1
5568,9393,7
5569,11129,3
5570,6457,7
5571,3691,6
5572,13615,5
5573,10288,2
5574,2684,5
5575,6629,7
5576,5709,7
5577,7250,7
5578,5103,4
5579,4753,4
5580,8953,7
5581,11252,3
5582,2393,5
5583,3765,6
5584,5203,3
5585,7266,7
5586,3067,6
5587,11532,2
5588,14024,3
5589,8359,2
5590,10355,7
5591,4192,4
5592,7415,7
5593,8336,1
5594,6305,6
5595,12631,3
5596,4033,4
5597,7422,5
5598,10592,2
5599,7976,7
5600,10668,1
5601,3458,4
5602,8009,7
5603,11527,2
5604,13666,7
5605,7225,3
5606,8919,7
5607,5575,4
5608,10402,1
5609,3325,6
5610,11490,2
5611,4396,4
5612,8983,1
5613,10770,2
5614,10158,1
5615,13986,1
5616,8779,1
5617,7861,6
5618,7708,7
5619,7502,7
5620,1861,7
5621,16,5
5622,3857,4
5623,4633,4
5624,11274,2
5625,2800,2
5626,4676,6
5627,1018,1
5628,4528,4
5629,5798,6
5630,5956,6
5631,5295,4
5632,7673,2
5633,13412,4
5634,11468,2
5635,1665,1
5636,10643,5
5637,14584,7
5638,5730,3
5639,2387,5
5640,14829,1
5641,3096,4
5642,9149,7
5643,14661,1
5644,6281,1
5645,2357,6
5646,14056,7
5647,7384,7
5648,6986,1
5649,8939,7
5650,10310,1
5651,11958,2
5652,1347,1
5653,9035,2
5654,597,2
5655,12524,6
5656,11736,5
5657,4349,4
5658,3729,4
5659,14596,2
5660,8234,5
5661,10916,3
5662,10256,2
5663,10367,1
5664,13610,2
5665,15094,6
5666,5260,3
5667,8442,2
5668,4015,4
5669,10329,7
5670,6878,7
5671,14641,1
5672,530,2
5673,13260,4
5674,11020,6
5675,3723,4
5676,4382,6
5677,2553,4
5678,13851,6
5679,5873,3
5680,1345,2
5681,11596,5
5682,12353,4
5683,12701,4
5684,811,2
5685,2714,5
5686,2099,7
5687,14730,7
5688,6211,6
5689,12687,3
5690,4636,4
5691,13805,5
5692,1616,5
5693,3667,4
5694,12459,4
5695,11912,1
5696,4720,3
5697,11034,3
5698,1879,5
5699,1653,1
5700,6704,2
5701,7819,7
5702,8639,1
5703,5214,4
5704,5423,3
5705,3048,4
5706,13675,5
5707,14324,1
5708,9830,2
5709,9615,7
5710,8649,2
5711,4904,6
5712,7640,3
5713,4527,4
5714,6472,2
5715,6173,6
5716,1549,5
5717,12743,4
5718,3276,5
5719,7675,7
5720,9480,7
5721,7511,7
5722,573,1
5723,10088,7
5724,1411,1
5725,13589,3
5726,11750,5
5727,14534,7
5728,8523,3
5729,11506,6
5730,8192,1
5731,10919,5
5732,11698,2
5733,10641,3
5734,3906,4
5735,7302,3
5736,6591,1
5737,12332,4
5738,10263,7
5739,9469,1
5740,3415,3
5741,10751,4
5742,542,2
5743,7171,5
5744,5033,4
5745,97,1
5746,9472,7
5747,11074,6
5748,2725,6
5749,3141,3
5750,471,2
5751,8927,1
5752,12960,5
5753,800,2
5754,6324,6
5755,3768,4
5756,8269,7
5757,4452,3
5758,10636,6
5759,9214,7
5760,3497,4
5761,9118,7
5762,2333,6
5763,7265,3
5764,529,2
5765,10802,3
5766,806,1
5767,6079,6
5768,11589,2
5769,159,2
5770,2218,7
5771,12881,2
5772,4946,3
5773,10618,7
5774,12900,6
5775,6920,6
5776,757,2
5777,10710,2
5778,328,2
5779,833,1
5780,5521,4
5781,13370,6
5782,11732,5
5783,13277,4
5784,3158,3
5785,1128,2
5786,9792,2
5787,9432,1
5788,9183,1
5789,6179,2
5790,13194,3
5791,2647,3
5792,13803,5
5793,8800,5
5794,9584,1
5795,8363,3
5796,5868,4
5797,12098,5
5798,2555,6
5799,4243,4
5800,13222,3
5801,10066,1
5802,4789,4
5803,3185,5
5804,8904,2
5805,6587,6
5806,13625,1
5807,8839,5
5808,13867,7
5809,13816,6
5810,3221,2
5811,5954,4
5812,9510,7
5813,9679,7
5814,10752,3
5815,13539,5
5816,6039,6
5817,3397,5
5818,718,2
5819,7501,6
5820,10404,1
5821,2576,4
5822,4587,4
5823,8777,3
5824,15096,6
5825,2290,6
5826,5593,4
5827,2056,3
5828,3254,4
5829,3511,4
5830,12983,2
5831,9612,7
5832,14567,7
5833,2400,6
5834,13489,3
5835,13586,1
5836,9343,7
5837,10497,7
5838,13951,7
5839,13045,4
5840,6133,3
5841,5294,5
5842,6244,3
5843,7143,1
5844,3174,3
5845,7939,7
5846,7927,7
5847,1907,6
5848,6646,1
5849,9709,7
5850,3346,1
5851,8125,7
5852,13476,2
5853,11940,1
5854,5145,4
5855,8645,2
5856,12748,4
5857,2775,5
5858,5720,6
5859,8295,7
5860,4111,3
5861,370,2
5862,2277,6
5863,5475,3
5864,12822,3
5865,9652,2
5866,993,2
5867,7851,7
5868,8844,7
5869,12542,4
5870,3728,4
5871,13394,3
5872,12080,6
5873,609,1
5874,2092,3
5875,14009,5
5876,7719,6
5877,2232,6
5878,14069,7
5879,3176,6
5880,9693,7
5881,10058,5
5882,11262,3
5883,5877,6
5884,6462,5
5885,6007,3
5886,11659,1
5887,12559,4
5888,14949,3
5889,13374,3
5890,14692,1
5891,407,1
5892,1797,7
5893,6116,4
5894,11194,3
5895,13155,6
5896,3704,4
5897,6706,3
5898,6568,2
5899,13420,6
5900,613,5
5901,9336,2
5902,1717,5
5903,2420,1
5904,11539,2
5905,6004,6
5906,13943,7
5907,7900,3
5908,5338,4
5909,11767,1
5910,7094,6
5911,8714,5
5912,4193,4
5913,12523,6
5914,8732,3
5915,2754,5
5916,9928,5
5917,1854,1
5918,6154,3
5919,9096,7
5920,6787,1
5921,8775,6
5922,14329,1
5923,11620,5
5924,1706,5
5925,2140,6
5926,1661,3
5927,10706,2
5928,14311,1
5929,1825,4
5930,4183,4
5931,14011,7
5932,11721,1
5933,8760,1
5934,468,5
5935,375,2
5936,6965,5
5937,4130,3
5938,2932,6
5939,4900,4
5940,6741,1
5941,1794,5
5942,4703,4
5943,4963,6
5944,7083,3
5945,1447,5
5946,4375,2
5947,13060,6
5948,12805,3
5949,4292,4
5950,6021,1
5951,12219,6
5952,1003,2
5953,788,1
5954,6608,5
5955,8792,7
5956,4152,4
5957,2495,5
5958,673,2
5959,14784,7
5960,2536,3
5961,51,1
5962,10254,1
5963,4250,6
5964,11702,1
5965,14327,2
5966,1097,1
5967,12592,4
5968,11149,6
5969,9141,7
5970,14346,7
5971,8890,1
5972,1654,1
5973,11042,3
5974,10485,7
5975,7706,7
5976,11342,2
5977,236,2
5978,12725,4
5979,39,2
5980,13979,5
5981,14669,2
5982,14347,1
5983,6909,6
5984,71,2
5985,14487,7
5986,1337,1
5987,6119,4
5988,8328,7
5989,6371,6
5990,6791,2
5991,8956,7
5992,596,5
5993,11507,1
5994,3377,4
5995,10109,2
5996,3425,4
5997,2296,3
5998,6730,6
5999,2025,6
6000,4234,4
6001,8892,1
6002,8916,1
6003,5836,7
6004,6647,1
6005,9452,7
6006,11278,2
6007,8874,2
6008,13358,6
6009,6935,7
6010,12270,4
6011,4468,6
6012,5076,6
6013,6110,6
6014,11015,3
6015,8877,6
6016,872,2
6017,9887,7
6018,12396,6
6019,10976,6
6020,749,1
6021,6721,2
6022,12546,4
6023,3483,6
6024,12173,6
6025,13001,5
6026,10596,1
6027,4958,4
6028,3711,3
6029,13185,7
6030,12534,4
6031,8422,5
6032,13233,3
6033,6041,7
6034,1202,1
6035,9386,7
6036,13334,6
6037,3372,4
6038,12478,3
6039,11392,2
6040,6421,6
6041,11985,5
6042,9045,1
6043,13381,2
6044,1093,2
6045,5552,3
6046,11332,3
6047,1564,5
6048,4532,6
6049,6560,1
6050,14864,3
6051,2350,5
6052,14151,5
6053,4710,3
6054,5865,1
6055,12490,4
6056,10389,2
6057,7217,2
6058,6086,4
6059,13456,5
6060,7934,5
6061,5797,3
6062,8632,7
6063,13296,6
6064,10604,7
6065,1230,5
6066,1182,1
6067,1971,2
6068,1534,2
6069,1855,5
6070,12618,4
6071,3996,3
6072,99,2
6073,14964,4
6074,12391,4
6075,1956,6
6076,8533,5
6077,2444,2
6078,9666,7
6079,9797,7
6080,13100,5
6081,178,2
6082,8463,3
6083,6175,3
6084,10319,7
6085,11583,2
6086,4547,4
6087,5959,6
6088,1645,2
6089,10561,2
6090,6864,6
6091,13860,2
6092,12372,6
6093,1747,7
6094,9701,7
6095,8557,1
6096,2366,5
6097,5034,6
6098,13634,7
6099,6723,7
6100,9387,1
6101,4777,3
6102,7584,6
6103,1248,5
6104,8179,2
6105,2946,3
6106,12899,3
6107,2303,5
6108,9965,2
6109,14147,5
6110,1415,5
6111,4991,3
6112,951,2
6113,10793,3
6114,10663,3
6115,7559,5
6116,6461,3
6117,13587,1
6118,13629,3
6119,11928,2
6120,2324,5
6121,13320,7
6122,14003,2
6123,5051,4
6124,9825,2
6125,13787,7
6126,2772,1
6127,11120,3
6128,7855,7
6129,4200,3
6130,12739,3
6131,3204,4
6132,9870,7
6133,12275,4
6134,11588,2
6135,11261,2
6136,13058,4
6137,3030,6
6138,1275,1
6139,2331,2
6140,14492,7
6141,8630,1
6142,13273,7
6143,6754,3
6144,5958,6
6145,13409,4
6146,1398,5
6147,7372,7
6148,7601,7
6149,10098,7
6150,6176,6
6151,3680,4
6152,11372,5
6153,9399,7
6154,9915,7
6155,5411,6
6156,13568,4
6157,11972,6
6158,8818,5
6159,7995,7
6160,7724,5
6161,12116,5
6162,4980,6
6163,10495,7
6164,4619,3
6165,6319,4
6166,10523,7
6167,4901,3
6168,11770,2
6169,8149,6
6170,14700,5
6171,13988,7
6172,1602,5
6173,2137,5
6174,9885,1
6175,12731,4
6176,8111,7
6177,14084,5
6178,10369,7
6179,3464,4
6180,14796,7
6181,4965,6
6182,8896,7
6183,12201,6
6184,9423,1
6185,5135,3
6186,5941,3
6187,4149,4
6188,9668,7
6189,13399,2
6190,817,5
6191,2690,3
6192,7880,7
6193,13734,3
6194,7891,7
6195,10489,7
6196,3878,4
6197,1103,5
6198,4957,5
6199,14112,7
6200,4696,4
6201,2474,5
6202,391,2
6203,12692,3
6204,7210,7
6205,4165,4
6206,8207,3
6207,14901,5
6208,1632,1
6209,2783,4
6210,8030,1
6211,13395,6
6212,9856,7
6213,13498,3
6214,1799,7
6215,12377,4
6216,5217,4
6217,696,2
6218,12975,7
6219,11801,1
6220,6058,4
6221,10374,1
6222,1942,5
6223,5569,3
6224,2384,3
6225,357,2
6226,165,1
6227,9672,1
6228,9782,7
6229,438,2
6230,2965,3
6231,168,1
6232,11746,1
6233,3852,3
6234,11086,4
6235,13093,3
6236,8222,7
6237,6645,2
6238,3975,3
6239,6115,2
6240,1446,5
6241,13281,3
6242,7883,7
6243,12338,4
6244,9361,2
6245,6112,6
6246,14658,7
6247,13468,5
6248,8605,5
6249,7450,5
6250,1635,5
6251,14951,3
6252,536,3
6253,6013,3
6254,11341,2
6255,5070,4
6256,8048,3
6257,13685,7
6258,8510,5
6259,10557,7
6260,6921,6
6261,7707,7
6262,7396,7
6263,3002,6
6264,6104,4
6265,434,1
6266,6713,1
6267,1165,5
6268,6546,3
6269,112,2
6270,12873,4
6271,9977,7
6272,5086,2
6273,9357,7
6274,10681,1
6275,1472,5
6276,2078,6
6277,6293,3
6278,6196,4
6279,7633,7
6280,1790,7
6281,203,2
6282,5572,6
6283,6914,7
6284,4345,4
6285,291,2
6286,14272,6
6287,12389,4
6288,3915,4
6289,8958,1
6290,4339,4
6291,4305,4
6292,5084,1
6293,5803,4
6294,8128,1
6295,2797,5
6296,11776,5
6297,12395,5
6298,2239,1
6299,4385,3
6300,13459,3
6301,8857,7
6302,2258,2
6303,3835,3
6304,1058,2
6305,1804,2
6306,8864,2
6307,962,2
6308,13332,3
6309,12297,3
6310,7235,3
6311,13855,6
6312,11060,6
6313,14483,1
6314,14361,7
6315,4229,4
6316,4563,3
6317,336,1
6318,5048,3
6319,1225,5
6320,1302,5
6321,1178,5
6322,14240,5
6323,4383,6
6324,3354,5
6325,3424,4
6326,3126,4
6327,1227,5
6328,13114,5
6329,2884,3
6330,2939,4
6331,10921,3
6332,13584,5
6333,3942,4
6334,10349,7
6335,8711,2
6336,4923,5
6337,2267,6
6338,8565,6
6339,3021,6
6340,5182,4
6341,8452,7
6342,2544,5
6343,10952,5
6344,10274,7
6345,6578,7
6346,9676,1
6347,5259,4
6348,4126,4
6349,4086,4
6350,3508,4
6351,7467,6
6352,579,2
6353,9646,7
6354,4174,4
6355,12625,4
6356,13915,7
6357,3641,4
6358,4850,4
6359,14032,1
6360,116,2
6361,9436,7
6362,246,2
6363,5837,1
6364,6335,3
6365,4132,3
6366,10859,3
6367,2230,3
6368,14437,7
6369,5025,4
6370,4994,6
6371,8689,5
6372,8552,6
6373,2410,5
6374,1161,5
6375,586,2
6376,1772,1
6377,3430,4
6378,10336,7
6379,2556,3
6380,14970,6
6381,12053,5
6382,15008,3
6383,7411,1
6384,12760,3
6385,8774,1
6386,7718,3
6387,6327,4
6388,6894,6
6389,7140,7
6390,14373,1
6391,12421,4
6392,6323,6
6393,8023,2
6394,1974,1
6395,7220,3
6396,3449,5
6397,519,1
6398,9998,2
6399,13826,3
6400,6328,4
6401,7680,5
6402,10221,7
6403,13575,1
6404,4623,6
6405,9146,7
6406,6855,3
6407,807,1
6408,3643,3
6409,2687,5
6410,11852,5
6411,8091,1
6412,3985,4
6413,7636,5
6414,6848,7
6415,7174,5
6416,9126,1
6417,8575,2
6418,3226,5
6419,14805,7
6420,8961,1
6421,5652,4
6422,1885,7
6423,12321,6
6424,3086,4
6425,8458,5
6426,5486,3
6427,14023,1
6428,6471,5
6429,3856,4
6430,9164,1
6431,10335,7
6432,2417,5
6433,10808,2
6434,4540,3
6435,10185,1
6436,15043,3
6437,9036,2
6438,4728,4
6439,185,1
6440,12617,3
6441,9716,7
6442,7228,3
6443,2211,6
6444,3375,4
6445,13181,6
6446,8486,2
6447,2006,5
6448,6169,4
6449,11537,2
6450,1167,5
6451,184,2
6452,9963,2
6453,10527,1
6454,11851,1
6455,4580,6
6456,14254,1
6457,10419,1
6458,2559,6
6459,8950,7
6460,7463,5
6461,232,1
6462,7494,7
6463,2455,3
6464,1524,5
6465,13309,6
6466,10265,2
6467,11222,3
6468,8301,1
6469,5981,4
6470,4783,4
6471,7876,6
6472,3320,2
6473,5691,5
6474,9518,1
6475,8243,1
6476,13237,4
6477,5510,4
6478,13404,6
6479,14107,1
6480,983,2
6481,2431,6
6482,8138,4
6483,8288,2
6484,9422,7
6485,1203,5
6486,1162,5
6487,6654,3
6488,14187,1
6489,14038,5
6490,11053,6
6491,10051,1
6492,3364,6
6493,9101,7
6494,7365,6
6495,9723,1
6496,7600,3
6497,1110,2
6498,14421,7
6499,1634,7
6500,2212,4
6501,13301,6
6502,8474,5
6503,1837,1
6504,10244,1
6505,9017,2
6506,8172,3
6507,12708,4
6508,13903,5
6509,1708,5
6510,10911,3
6511,9541,7
6512,8114,7
6513,9748,1
6514,12073,1
6515,6447,6
6516,3698,4
6517,10180,1
6518,6083,3
6519,819,1
6520,8175,6
6521,3263,3
6522,2062,6
6523,1676,5
6524,713,2
6525,10421,2
6526,10141,7
6527,2436,5
6528,6405,5
6529,12408,4
6530,6748,5
6531,5527,3
6532,7868,7
6533,5587,4
6534,12651,3
6535,12506,4
6536,2548,5
6537,8819,5
6538,14996,3
6539,5066,4
6540,12239,5
6541,11933,5
6542,9168,7
6543,14698,7
6544,14232,6
6545,5370,4
6546,8551,6
6547,13004,3
6548,6944,6
6549,12750,4
6550,7109,1
6551,7804,1
6552,692,2
6553,13736,7
6554,6866,5
6555,10678,1
6556,3934,4
6557,14900,4
6558,4261,7
6559,12269,4
6560,8651,2
6561,5482,4
6562,13122,3
6563,7649,1
6564,12801,4
6565,11713,2
6566,9895,1
6567,6752,6
6568,82,2
6569,2207,2
6570,2486,3
6571,9655,7
6572,10940,3
6573,8858,2
6574,5372,4
6575,11884,6
6576,1404,5
6577,4299,4
6578,13683,5
6579,8863,1
6580,11265,6
6581,10203,1
6582,2899,5
6583,3197,4
6584,14248,3
6585,8439,5
6586,10888,6
6587,8446,3
6588,9028,2
6589,1891,3
6590,2960,6
6591,10410,2
6592,2273,3
6593,7898,5
6594,9072,1
6595,7238,6
6596,7404,7
6597,12878,6
6598,1569,1
6599,8597,5
6600,1475,5
6601,2915,3
6602,2598,4
6603,7262,6
6604,4104,4
6605,9838,5
6606,658,2
6607,11834,5
6608,2457,3
6609,9088,2
6610,8201,3
6611,9930,1
6612,4868,3
6613,6,5
6614,11038,6
6615,3581,4
6616,2057,1
6617,5668,4
6618,2311,5
6619,9549,7
6620,12888,6
6621,7991,7
6622,11804,1
6623,4767,4
6624,3627,6
6625,4147,4
6626,9738,1
6627,8985,7
6628,6047,3
6629,13618,5
6630,12179,4
6631,11239,3
6632,1559,1
6633,3045,6
6634,592,2
6635,276,1
6636,11027,6
6637,11447,2
6638,5608,4
6639,3064,3
6640,630,2
6641,7715,6
6642,8579,5
6643,14960,2
6644,7705,7
6645,4522,5
6646,7410,3
6647,7168,2
6648,1781,1
6649,13295,6
6650,6529,2
6651,2262,6
6652,2254,6
6653,12520,4
6654,10077,7
6655,2720,4
6656,9353,7
6657,2157,2
6658,2601,4
6659,10019,5
6660,11901,2
6661,957,2
6662,2314,6
6663,3278,5
6664,7098,6
6665,7560,5
6666,5712,2
6667,138,2
6668,14226,5
6669,14229,1
6670,7318,6
6671,2388,5
6672,12328,6
6673,5731,6
6674,15057,3
6675,5137,4
6676,3525,6
6677,9619,2
6678,4497,4
6679,5320,3
6680,1515,5
6681,7311,7
6682,2992,4
6683,11094,6
6684,7391,5
6685,6952,1
6686,5021,4
6687,1568,1
6688,14414,7
6689,12402,3
6690,4788,4
6691,10874,6
6692,6379,6
6693,3516,4
6694,3015,5
6695,5644,4
6696,571,1
6697,200,2
6698,1512,1
6699,12979,6
6700,4238,4
6701,10070,5
6702,9031,1
6703,1541,1
6704,8275,2
6705,1436,2
6706,1876,6
6707,14176,6
6708,13551,7
6709,4471,5
6710,2127,3
6711,2741,3
6712,12910,3
6713,555,1
6714,14330,7
6715,13695,1
6716,3844,4
6717,12956,4
6718,11172,6
6719,15076,3
6720,1777,7
6721,1904,3
6722,2027,4
6723,11872,1
6724,14892,3
6725,11229,3
6726,5655,6
6727,6947,6
6728,2124,6
6729,8880,2
6730,14298,7
6731,7430,7
6732,12062,3
6733,5706,6
6734,10816,3
6735,10177,2
6736,10711,3
6737,10833,3
6738,7101,5
6739,2037,5
6740,3291,4
6741,10068,2
6742,9956,5
6743,9439,2
6744,14867,3
6745,10630,1
6746,2307,5
6747,3687,2
6748,9924,7
6749,1592,5
6750,13817,7
6751,9846,7
6752,12437,4
6753,4326,4
6754,14261,7
6755,10823,5
6756,10276,2
6757,12828,4
6758,7690,5
6759,11268,2
6760,2171,5
6761,4607,4
6762,12214,2
6763,6579,7
6764,13630,3
6765,3679,4
6766,6987,6
6767,5847,3
6768,393,5
6769,1371,5
6770,10099,7
6771,1869,6
6772,12312,2
6773,4678,3
6774,6836,5
6775,568,2
6776,643,2
6777,4056,4
6778,12225,5
6779,3775,6
6780,14642,7
6781,210,2
6782,2080,5
6783,5903,3
6784,12537,3
6785,986,2
6786,9057,2
6787,10740,6
6788,9802,7
6789,12346,4
6790,7785,5
6791,12192,6
6792,1399,5
6793,15039,3
6794,631,2
6795,7551,6
6796,9114,7
6797,989,2
6798,13391,4
6799,11241,3
6800,6146,1
6801,7102,5
6802,2014,3
6803,2337,6
6804,11525,5
6805,11424,2
6806,6506,5
6807,3613,4
6808,2627,4
6809,9699,7
6810,14215,2
6811,4163,2
6812,6049,5
6813,2187,6
6814,14832,1
6815,756,5
6816,4187,4
6817,11760,7
6818,10755,6
6819,5806,7
6820,10249,1
6821,7287,2
6822,6147,2
6823,4517,5
6824,13007,4
6825,3681,3
6826,2662,5
6827,3434,4
6828,14197,1
6829,13868,7
6830,11936,7
6831,4254,4
6832,12205,3
6833,11329,3
6834,2679,3
6835,241,2
6836,10815,3
6837,7807,6
6838,3596,3
6839,21,5
6840,8910,2
6841,6882,5
6842,7798,7
6843,14725,2
6844,14126,2
6845,13639,3
6846,9300,5
6847,11716,1
6848,12763,4
6849,351,7
6850,4779,4
6851,8794,5
6852,2605,6
6853,11312,3
6854,1443,1
6855,3646,4
6856,10739,3
6857,3380,4
6858,5280,4
6859,1188,2
6860,2712,5
6861,9790,7
6862,11040,6
6863,6214,6
6864,5965,5
6865,7069,5
6866,4430,3
6867,8931,2
6868,13531,5
6869,11324,6
6870,237,1
6871,5705,3
6872,11841,1
6873,10811,5
6874,11858,1
6875,9197,7
6876,7597,6
6877,12700,4
6878,1336,1
6879,11106,3
6880,9785,7
6881,10545,2
6882,12261,3
6883,722,2
6884,9884,1
6885,1010,5
6886,12932,3
6887,4455,4
6888,13766,7
6889,13175,4
6890,3093,4
6891,7748,2
6892,3272,2
6893,2870,6
6894,1266,1
6895,7352,3
6896,9781,7
6897,12068,5
6898,12799,4
6899,1124,2
6900,1766,5
6901,15002,6
6902,12111,6
6903,9906,7
6904,14771,2
6905,12774,5
6906,3759,4
6907,5635,2
6908,7226,6
6909,12775,4
6910,13884,6
6911,12664,4
6912,712,5
6913,6347,3
6914,9230,7
6915,4470,5
6916,12807,6
6917,9501,1
6918,1571,1
6919,10825,5
6920,8891,1
6921,11761,2
6922,4770,3
6923,1991,7
6924,8633,5
6925,9866,5
6926,12479,4
6927,10411,1
6928,9713,7
6929,7122,6
6930,891,5
6931,13578,1
6932,633,6
6933,7175,7
6934,1296,7
6935,11826,5
6936,8312,2
6937,14422,7
6938,9015,1
6939,5412,4
6940,8584,7
6941,13026,4
6942,9687,7
6943,5548,6
6944,14670,1
6945,13730,7
6946,13927,3
6947,14531,7
6948,12371,2
6949,7606,5
6950,8790,6
6951,8294,7
6952,430,2
6953,10603,2
6954,1993,5
6955,7421,1
6956,12511,5
6957,1120,1
6958,8468,1
6959,2439,6
6960,13183,6
6961,11068,6
6962,4365,4
6963,9553,1
6964,10761,6
6965,14116,7
6966,6288,3
6967,10983,6
6968,450,2
6969,11754,5
6970,14273,5
6971,2219,7
6972,14264,1
6973,1813,5
6974,3702,4
6975,9972,7
6976,1413,1
6977,2705,6
6978,12089,2
6979,1073,2
6980,13624,1
6981,4999,2
6982,13205,4
6983,12762,6
6984,9951,7
6985,3976,6
6986,6409,3
6987,11917,7
6988,5506,4
6989,9258,1
6990,9335,1
6991,14119,3
6992,8808,2
6993,1223,2
6994,193,1
6995,229,2
6996,11002,3
6997,11248,6
6998,6906,6
6999,11147,6
7000,9202,1
7001,9904,2
7002,8199,1
7003,11835,2
7004,283,2
7005,4950,3
7006,9198,7
7007,6551,1
7008,12538,6
7009,10505,1
7010,1423,5
7011,3737,4
7012,13088,6
7013,6101,4
7014,10995,5
7015,14104,5
7016,12833,6
7017,1048,2
7018,5386,6
7019,1379,2
7020,15017,6
7021,8691,5
7022,11116,3
7023,14903,5
7024,12251,3
7025,227,2
7026,1155,5
7027,7869,7
7028,14231,6
7029,9649,7
7030,9761,1
7031,13636,1
7032,10006,7
7033,11119,3
7034,6180,4
7035,23,1
7036,13591,6
7037,10504,7
7038,728,2
7039,5560,6
7040,1221,2
7041,10884,3
7042,3474,4
7043,10981,6
7044,13437,4
7045,11386,2
7046,8538,5
7047,1605,5
7048,14684,1
7049,4078,4
7050,3665,4
7051,6788,6
7052,12996,4
7053,13353,6
7054,4011,4
7055,10230,1
7056,6911,5
7057,7049,5
7058,14556,2
7059,6642,4
7060,8974,6
7061,11048,6
7062,11126,6
7063,13048,3
7064,13138,3
7065,10667,1
7066,7420,7
7067,5470,3
7068,6781,1
7069,96,2
7070,4030,4
7071,1031,2
7072,7353,6
7073,8514,2
7074,10786,3
7075,4442,4
7076,3956,4
7077,5185,4
7078,7323,7
7079,7634,2
7080,4975,4
7081,14898,3
7082,6271,4
7083,10749,5
7084,618,2
7085,6023,1
7086,10794,3
7087,2404,6
7088,7434,1
7089,11555,2
7090,14241,5
7091,396,2
7092,10680,6
7093,1051,2
7094,839,1
7095,8758,7
7096,195,2
7097,8278,7
7098,8924,7
7099,14732,1
7100,4595,4
7101,13810,6
7102,7905,7
7103,1217,1
7104,8856,1
7105,5300,6
7106,4220,3
7107,9430,7
7108,12605,6
7109,1204,5
7110,11003,3
7111,11212,3
7112,7429,7
7113,8384,6
7114,10432,7
7115,2416,5
7116,12056,5
7117,11417,2
7118,12914,6
7119,5329,6
7120,2980,6
7121,9753,7
7122,14699,3
7123,9925,1
7124,8194,7
7125,14182,6
7126,1848,5
7127,9760,1
7128,6780,6
7129,2589,5
7130,3789,6
7131,10945,3
7132,3592,2
7133,7092,5
7134,9219,7
7135,10871,2
7136,386,3
7137,4394,6
7138,9024,5
7139,3689,3
7140,439,2
7141,6438,2
7142,920,1
7143,4090,4
7144,12992,4
7145,7808,7
7146,9295,7
7147,6395,7
7148,7418,7
7149,6082,6
7150,7716,6
7151,13485,6
7152,3319,6
7153,1046,5
7154,9908,7
7155,1746,5
7156,671,2
7157,14762,7
7158,4947,4
7159,9627,1
7160,9434,7
7161,11571,2
7162,10676,6
7163,14891,3
7164,1115,3
7165,14808,7
7166,1917,5
7167,3826,4
7168,13330,3
7169,7760,7
7170,726,2
7171,495,2
7172,4116,5
7173,704,1
7174,5936,6
7175,2651,4
7176,2909,4
7177,8385,3
7178,248,2
7179,3267,3
7180,9608,7
7181,2757,5
7182,8723,6
7183,9577,7
7184,11839,2
7185,4479,6
7186,1287,2
7187,10492,7
7188,11036,4
7189,7809,7
7190,1967,5
7191,5544,6
7192,2612,1
7193,10712,5
7194,14160,5
7195,2032,7
7196,14548,7
7197,12893,4
7198,8671,5
7199,2661,5
7200,4533,3
7201,11794,5
7202,5742,3
7203,6563,1
7204,14371,2
7205,4521,5
7206,7444,2
7207,10219,1
7208,6403,2
7209,118,2
7210,1072,5
7211,13627,5
7212,2440,5
7213,8459,2
7214,13611,5
7215,2613,2
7216,5761,6
7217,3559,4
7218,12187,5
7219,4437,4
7220,10173,7
7221,2733,5
7222,14594,1
7223,13846,7
7224,12293,6
7225,2511,5
7226,12119,3
7227,7260,3
7228,9078,1
7229,3965,4
7230,7656,5
7231,6810,5
7232,3074,3
7233,12733,6
7234,4265,5
7235,10688,6
7236,13537,5
7237,8973,1
7238,10513,7
7239,10998,3
7240,13691,5
7241,10821,3
7242,5334,4
7243,11814,5
7244,2890,6
7245,6001,4
7246,8580,5
7247,1773,1
7248,7835,1
7249,10252,1
7250,13488,6
7251,11483,5
7252,12903,5
7253,10795,3
7254,3873,6
7255,133,1
7256,1949,6
7257,3554,4
7258,3454,5
7259,78,2
7260,9255,7
7261,11338,3
7262,13067,4
7263,12121,5
7264,6609,3
7265,7051,5
7266,4161,6
7267,5014,6
7268,4535,4
7269,5205,6
7270,3150,5
7271,13186,3
7272,6698,5
7273,2697,3
7274,2512,1
7275,3080,1
7276,7157,7
7277,7348,5
7278,7581,6
7279,7769,3
7280,7043,5
7281,12944,1
7282,11412,2
7283,12093,6
7284,9757,7
7285,10031,5
7286,6278,6
7287,14491,2
7288,8582,2
7289,2190,5
7290,10412,7
7291,9152,2
7292,13043,5
7293,8655,1
7294,2798,5
7295,12611,4
7296,5656,3
7297,1174,5
7298,10397,7
7299,1565,5
7300,6505,5
7301,6208,6
7302,6504,2
7303,199,2
7304,13756,3
7305,3290,3
7306,7854,7
7307,13469,5
7308,8908,1
7309,10542,7
7310,12857,4
7311,13104,4
7312,8050,3
7313,13883,6
7314,13866,2
7315,3708,6
7316,1101,1
7317,4491,4
7318,12721,4
7319,2650,4
7320,2838,5
7321,7923,7
7322,12404,3
7323,8747,5
7324,9342,2
7325,5173,6
7326,2002,7
7327,13965,5
7328,14957,6
7329,13490,6
7330,3019,1
7331,11021,6
7332,8761,2
7333,8358,6
7334,1459,5
7335,1500,1
7336,7521,7
7337,1338,1
7338,7988,1
7339,7423,5
7340,904,1
7341,7388,1
7342,3138,4
7343,8378,5
7344,992,2
7345,6028,6
7346,6977,5
7347,11397,1
7348,4325,5
7349,5944,4
7350,4361,3
7351,14778,2
7352,13742,7
7353,8171,2
7354,9680,7
7355,3305,4
7356,2541,5
7357,1508,5
7358,13470,5
7359,30,1
7360,907,1
7361,9708,1
7362,2114,1
7363,7382,5
7364,5461,6
7365,12660,3
7366,11464,1
7367,8370,7
7368,11237,6
7369,14821,7
7370,7537,7
7371,9346,7
7372,11907,3
7373,7182,5
7374,4553,4
7375,14046,2
7376,10269,7
7377,11206,3
7378,2974,3
7379,12233,3
7380,8727,7
7381,7814,7
7382,2379,3
7383,7579,6
7384,4932,4
7385,4359,4
7386,12999,3
7387,2477,3
7388,14974,3
7389,9208,7
7390,8051,5
7391,3275,5
7392,292,2
7393,4461,6
7394,2118,5
7395,10589,1
7396,11965,4
7397,8274,5
7398,3750,3
7399,9179,1
7400,8417,2
7401,3700,4
7402,1934,7
7403,4494,4
7404,1181,1
7405,12206,5
7406,2453,6
7407,2846,3
7408,8975,5
7409,11377,1
7410,14623,7
7411,11642,5
7412,11431,2
7413,1306,7
7414,12259,5
7415,3882,3
7416,2691,3
7417,680,2
7418,3843,6
7419,12085,6
7420,8074,2
7421,1739,2
7422,7471,5
7423,105,2
7424,13028,4
7425,7981,7
7426,14461,7
7427,2348,5
7428,822,1
7429,7545,5
7430,10340,7
7431,4351,4
7432,3967,4
7433,12991,4
7434,3722,4
7435,5940,4
7436,11630,7
7437,2692,6
7438,11773,2
7439,12667,6
7440,3932,6
7441,4998,7
7442,3120,6
7443,11328,3
7444,694,5
7445,13944,7
7446,13189,6
7447,9532,7
7448,10216,1
7449,8186,5
7450,4025,5
7451,1503,5
7452,12778,3
7453,7488,5
7454,228,2
7455,2711,5
7456,9026,7
7457,4267,5
7458,3988,6
7459,1160,5
7460,13313,6
7461,2520,6
7462,9523,7
7463,4952,4
7464,8918,1
7465,5210,4
7466,7381,3
7467,14803,7
7468,5343,4
7469,4190,4
7470,2270,6
7471,4123,4
7472,12058,5
7473,1963,2
7474,3585,4
7475,4076,3
7476,8383,2
7477,14433,7
7478,6072,6
7479,2961,6
7480,11024,6
7481,270,2
7482,5232,6
7483,5832,3
7484,5413,6
7485,73,1
7486,10176,1
7487,8912,1
7488,1679,7
7489,11733,1
7490,2197,6
7491,14184,1
7492,2340,6
7493,7745,7
7494,1641,1
7495,10776,3
7496,10198,1
7497,12946,5
7498,14716,1
7499,4658,6
7500,6917,5
7501,5810,5
7502,14358,7
7503,14349,1
7504,9816,1
7505,6522,1
7506,5490,4
7507,11697,2
7508,11097,3
7509,1042,2
7510,3565,4
7511,365,2
7512,7165,6
7513,5603,6
7514,4712,7
7515,12831,3
7516,3463,4
7517,2343,3
7518,14506,1
7519,5139,4
7520,5755,3
7521,4218,4
7522,196,5
7523,9310,1
7524,789,5
7525,1059,2
7526,13800,7
7527,8429,3
7528,10989,5
7529,483,2
7530,1407,5
7531,6666,2
7532,1711,1
7533,3561,4
7534,8610,7
7535,5622,3
7536,1691,2
7537,6564,5
7538,11597,2
7539,1328,1
7540,3212,4
7541,12432,2
7542,402,2
7543,2883,2
7544,13147,1
7545,6040,7
7546,10041,2
7547,5961,3
7548,5391,2
7549,2004,5
7550,6080,6
7551,3645,3
7552,7738,6
7553,7349,6
7554,12971,3
7555,10368,1
7556,8682,5
7557,4206,4
7558,4374,2
7559,14550,7
